vin,production_date,assembly_plant,fuel_pump_supplier,engine_series,model_year
1FAHP3VGRVI104332,2024-10-23,OHAP,Supplier_Beta,V8_Coyote,2023
1FAHP3NOGMB196001,2023-08-24,MAP,Supplier_Beta,V8_Coyote,2025
1FAHP3LRZAW838637,2023-03-26,KCAP,Supplier_Alpha,V6_EcoBoost,2023
1FAHP3WVGFY265423,2023-07-16,OHAP,Gamma_Tech,V6_EcoBoost,2025
1FAHP3UDIHY155940,2023-08-15,OHAP,Supplier_Beta,V8_Coyote,2023
1FAHP3MTECQ184959,2024-04-24,MAP,Supplier_Alpha,V6_EcoBoost,2025
1FAHP3RDOXK341316,2024-08-14,KCAP,Gamma_Tech,V6_EcoBoost,2024
1FAHP3OKIUP553419,2024-07-24,KCAP,Gamma_Tech,V8_Coyote,2025
1FAHP3RUXXD276483,2023-01-11,OHAP,Gamma_Tech,V6_EcoBoost,2023
1FAHP3NKTUN305641,2024-01-20,DTP,Supplier_Beta,I4_Hybrid,2024
1FAHP3PVJIQ767242,2024-08-17,OHAP,Supplier_Beta,I4_Hybrid,2025
1FAHP3IGFFW969653,2023-10-30,OHAP,Supplier_Beta,I4_Hybrid,2025
1FAHP3EYYMD012269,2024-04-28,OHAP,Gamma_Tech,I4_Hybrid,2025
1FAHP3WRXPV848018,2024-09-03,OHAP,Gamma_Tech,V8_Coyote,2025
1FAHP3UUQGW146270,2023-07-24,MAP,Supplier_Alpha,V8_Coyote,2025
1FAHP3MJXWK281489,2024-07-16,KCAP,Supplier_Alpha,V8_Coyote,2024
1FAHP3BHXZT880957,2022-12-30,MAP,Supplier_Alpha,I4_Hybrid,2024
1FAHP3UFEWI303911,2023-06-07,MAP,Gamma_Tech,I4_Hybrid,2024
1FAHP3HMBNI227824,2024-09-29,MAP,Gamma_Tech,V6_EcoBoost,2024
1FAHP3CHPOE346578,2024-07-03,OHAP,Supplier_Alpha,V6_EcoBoost,2023
1FAHP3OAETO509839,2023-08-26,DTP,Supplier_Beta,I4_Hybrid,2024
1FAHP3GPRQF031051,2023-09-04,KCAP,Supplier_Alpha,I4_Hybrid,2025
1FAHP3PYEZA382997,2023-06-18,DTP,Gamma_Tech,I4_Hybrid,2025
1FAHP3ADUDR311656,2023-05-20,MAP,Gamma_Tech,I4_Hybrid,2024
1FAHP3MMICI106513,2024-02-03,MAP,Gamma_Tech,V6_EcoBoost,2025
1FAHP3CZJGD624731,2023-01-23,DTP,Supplier_Beta,I4_Hybrid,2024
1FAHP3FENZD801326,2024-11-15,DTP,Supplier_Beta,V6_EcoBoost,2025
1FAHP3SBSUY260647,2024-11-23,DTP,Supplier_Alpha,I4_Hybrid,2023
1FAHP3DLVID872343,2024-05-11,MAP,Supplier_Alpha,I4_Hybrid,2023
1FAHP3HKDGF500978,2023-06-22,MAP,Gamma_Tech,I4_Hybrid,2024
1FAHP3HKPLM219136,2024-08-25,KCAP,Gamma_Tech,V6_EcoBoost,2024
1FAHP3HUQNQ091699,2024-05-28,KCAP,Gamma_Tech,V6_EcoBoost,2024
1FAHP3DUWEA534624,2024-06-04,MAP,Gamma_Tech,V8_Coyote,2025
1FAHP3NGQIW799118,2024-06-22,DTP,Supplier_Beta,I4_Hybrid,2024
1FAHP3ITTNZ135427,2023-06-02,DTP,Supplier_Beta,V8_Coyote,2023
1FAHP3QHGVJ808412,2024-03-28,KCAP,Gamma_Tech,V8_Coyote,2025
1FAHP3NROQG244935,2024-10-19,MAP,Gamma_Tech,V6_EcoBoost,2024
1FAHP3CAVXI740164,2023-10-04,KCAP,Supplier_Alpha,V6_EcoBoost,2025
1FAHP3AHESJ427868,2024-01-21,KCAP,Supplier_Beta,V8_Coyote,2025
1FAHP3BICTX805982,2023-08-18,OHAP,Supplier_Alpha,I4_Hybrid,2024
1FAHP3XJANV053315,2023-05-03,OHAP,Gamma_Tech,V6_EcoBoost,2025
1FAHP3LVVYA232260,2023-11-20,OHAP,Supplier_Beta,I4_Hybrid,2023
1FAHP3EOMDW342160,2024-04-14,DTP,Supplier_Alpha,I4_Hybrid,2023
1FAHP3VREXR433036,2022-12-16,MAP,Supplier_Beta,V8_Coyote,2025
1FAHP3HQLLQ586850,2023-01-31,MAP,Supplier_Beta,V8_Coyote,2024
1FAHP3BMGHY019655,2024-10-17,MAP,Supplier_Alpha,V8_Coyote,2025
1FAHP3HZIRU934060,2023-12-28,MAP,Supplier_Alpha,V8_Coyote,2023
1FAHP3UQHUT356159,2023-02-04,OHAP,Supplier_Beta,V6_EcoBoost,2025
1FAHP3JIMAQ846564,2023-05-10,DTP,Supplier_Beta,V6_EcoBoost,2025
1FAHP3JATSN629946,2023-01-21,DTP,Supplier_Beta,V8_Coyote,2023
1FAHP3CRNGE699577,2024-04-17,OHAP,Supplier_Beta,V6_EcoBoost,2025
1FAHP3FWPRT214895,2023-03-31,DTP,Gamma_Tech,V8_Coyote,2025
1FAHP3ENXED332003,2024-12-09,OHAP,Supplier_Beta,I4_Hybrid,2024
1FAHP3PJPSA693676,2023-05-19,MAP,Supplier_Beta,I4_Hybrid,2024
1FAHP3DJPHD163287,2023-03-19,OHAP,Gamma_Tech,I4_Hybrid,2023
1FAHP3WCNUG278895,2023-02-21,MAP,Supplier_Beta,V8_Coyote,2023
1FAHP3QWPOR687277,2023-04-25,MAP,Supplier_Alpha,I4_Hybrid,2023
1FAHP3TSPRV873471,2024-03-16,KCAP,Supplier_Alpha,V6_EcoBoost,2024
1FAHP3YSJTN581223,2024-02-11,OHAP,Supplier_Beta,I4_Hybrid,2023
1FAHP3ADNAY166587,2024-09-17,KCAP,Supplier_Beta,I4_Hybrid,2023
1FAHP3WTWYA909670,2024-08-20,OHAP,Supplier_Beta,I4_Hybrid,2023
1FAHP3RBFBY889373,2024-12-04,OHAP,Supplier_Alpha,V6_EcoBoost,2024
1FAHP3IBZLK562729,2023-05-19,KCAP,Supplier_Alpha,V8_Coyote,2025
1FAHP3DQYUN016272,2023-06-13,KCAP,Supplier_Alpha,V6_EcoBoost,2023
1FAHP3QFEBV755646,2024-01-10,OHAP,Supplier_Alpha,V8_Coyote,2025
1FAHP3WBPMB805310,2023-02-10,DTP,Supplier_Beta,V8_Coyote,2023
1FAHP3KNDSQ923271,2023-11-08,MAP,Supplier_Alpha,I4_Hybrid,2025
1FAHP3TGLBT529912,2024-06-27,KCAP,Supplier_Beta,V8_Coyote,2024
1FAHP3SOPGS966319,2023-12-09,MAP,Gamma_Tech,V6_EcoBoost,2024
1FAHP3IBQXE491905,2023-08-10,DTP,Supplier_Alpha,V6_EcoBoost,2023
1FAHP3BXODT850671,2023-04-18,DTP,Supplier_Beta,V8_Coyote,2025
1FAHP3ZIXED262849,2024-06-24,DTP,Supplier_Beta,I4_Hybrid,2024
1FAHP3RCPWD694531,2023-05-14,KCAP,Supplier_Alpha,I4_Hybrid,2023
1FAHP3ULFNW996507,2023-06-20,DTP,Supplier_Beta,V6_EcoBoost,2023
1FAHP3AHMFP454948,2023-11-06,KCAP,Gamma_Tech,I4_Hybrid,2024
1FAHP3CYBFS678377,2023-04-28,DTP,Gamma_Tech,V8_Coyote,2024
1FAHP3EJHWB363495,2024-03-26,MAP,Supplier_Alpha,V8_Coyote,2023
1FAHP3QOHUM855744,2023-06-23,MAP,Gamma_Tech,V6_EcoBoost,2025
1FAHP3VERUL518233,2023-08-04,OHAP,Supplier_Beta,V8_Coyote,2025
1FAHP3OXLTA894134,2023-07-21,MAP,Supplier_Alpha,V6_EcoBoost,2025
1FAHP3SSIOW824008,2024-03-03,OHAP,Supplier_Beta,V8_Coyote,2023
1FAHP3ECVLD710947,2023-11-25,MAP,Gamma_Tech,V6_EcoBoost,2024
1FAHP3EKORD471167,2024-04-18,KCAP,Supplier_Beta,I4_Hybrid,2023
1FAHP3HJWAM229413,2023-05-17,MAP,Supplier_Alpha,V8_Coyote,2024
1FAHP3CTLBT993867,2023-07-11,OHAP,Supplier_Beta,V8_Coyote,2025
1FAHP3ONQQF990913,2024-10-11,OHAP,Supplier_Alpha,V6_EcoBoost,2025
1FAHP3AACSM232812,2024-08-09,DTP,Supplier_Alpha,V6_EcoBoost,2024
1FAHP3SDERO740344,2023-12-20,KCAP,Supplier_Alpha,V8_Coyote,2024
1FAHP3OPJRJ493618,2023-02-12,MAP,Supplier_Alpha,V6_EcoBoost,2023
1FAHP3SCHDS102499,2023-09-17,DTP,Supplier_Alpha,V8_Coyote,2025
1FAHP3CFMCB464887,2023-10-17,MAP,Supplier_Alpha,I4_Hybrid,2023
1FAHP3RKLBW594013,2023-10-01,MAP,Supplier_Beta,V6_EcoBoost,2023
1FAHP3PCRLL490278,2023-04-21,DTP,Supplier_Alpha,V8_Coyote,2023
1FAHP3VUQGK671756,2023-12-12,DTP,Supplier_Alpha,I4_Hybrid,2025
1FAHP3CDFUQ567468,2023-11-19,DTP,Gamma_Tech,I4_Hybrid,2023
1FAHP3DADMH516808,2023-11-05,DTP,Supplier_Beta,V8_Coyote,2023
1FAHP3RJISC597703,2024-01-08,DTP,Supplier_Beta,V6_EcoBoost,2023
1FAHP3TJAJA710932,2024-03-29,MAP,Supplier_Alpha,V8_Coyote,2023
1FAHP3FTSGT131712,2024-07-04,DTP,Supplier_Alpha,I4_Hybrid,2023
1FAHP3JJYMM467737,2023-11-13,KCAP,Supplier_Alpha,V8_Coyote,2023
1FAHP3YGRAS821465,2024-07-24,OHAP,Supplier_Alpha,V6_EcoBoost,2025
1FAHP3IEWVJ499727,2023-04-12,DTP,Supplier_Alpha,I4_Hybrid,2023
1FAHP3KYOXA867533,2024-09-08,DTP,Supplier_Alpha,V8_Coyote,2024
1FAHP3FCIGL057662,2024-08-19,MAP,Supplier_Alpha,V6_EcoBoost,2023
1FAHP3AUJAP517187,2023-12-21,DTP,Supplier_Alpha,I4_Hybrid,2023
1FAHP3SZPFV217459,2022-12-27,DTP,Supplier_Beta,V6_EcoBoost,2025
1FAHP3NEPOR865780,2024-07-25,DTP,Supplier_Alpha,I4_Hybrid,2025
1FAHP3CKSTB431611,2023-10-04,MAP,Supplier_Alpha,V8_Coyote,2024
1FAHP3BJPHA050455,2023-11-08,DTP,Supplier_Beta,V6_EcoBoost,2024
1FAHP3YNRPF922219,2024-10-05,OHAP,Supplier_Beta,I4_Hybrid,2025
1FAHP3QQAZD923747,2023-02-14,MAP,Supplier_Alpha,V6_EcoBoost,2025
1FAHP3LTOBS482175,2024-07-23,OHAP,Supplier_Beta,V6_EcoBoost,2023
1FAHP3GPYKW474367,2024-11-15,MAP,Supplier_Beta,V8_Coyote,2025
1FAHP3AKRXV944064,2024-11-26,DTP,Supplier_Alpha,V6_EcoBoost,2024
1FAHP3ZWOOM097439,2023-08-02,OHAP,Gamma_Tech,I4_Hybrid,2023
1FAHP3YCCLX942104,2024-03-18,MAP,Gamma_Tech,I4_Hybrid,2024
1FAHP3MIYIX214562,2024-02-02,KCAP,Supplier_Alpha,I4_Hybrid,2023
1FAHP3ZSVVZ884247,2023-04-09,DTP,Supplier_Alpha,I4_Hybrid,2025
1FAHP3ZJXFY171236,2024-02-14,MAP,Gamma_Tech,V8_Coyote,2024
1FAHP3XRVRQ604817,2024-06-28,KCAP,Supplier_Beta,V6_EcoBoost,2023
1FAHP3BNJUN965137,2023-04-27,MAP,Supplier_Alpha,V8_Coyote,2023
1FAHP3ICCTF317461,2023-06-29,KCAP,Supplier_Alpha,V6_EcoBoost,2025
1FAHP3DXQVS113826,2023-10-03,DTP,Supplier_Alpha,V6_EcoBoost,2025
1FAHP3FNARC869261,2023-12-07,OHAP,Supplier_Beta,V6_EcoBoost,2025
1FAHP3GRXIP537735,2023-08-06,KCAP,Supplier_Beta,V8_Coyote,2024
1FAHP3DFQNP506431,2023-11-29,MAP,Supplier_Alpha,V6_EcoBoost,2023
1FAHP3YKNEW900532,2023-07-19,DTP,Supplier_Beta,V8_Coyote,2025
1FAHP3XJYMA839335,2023-09-29,KCAP,Supplier_Beta,I4_Hybrid,2024
1FAHP3HQBIA422842,2024-02-21,MAP,Supplier_Alpha,I4_Hybrid,2024
1FAHP3QDIVA539502,2024-03-26,MAP,Supplier_Alpha,V6_EcoBoost,2024
1FAHP3GLGCG811775,2023-12-20,MAP,Supplier_Beta,V8_Coyote,2025
1FAHP3PBDEZ390847,2023-02-05,KCAP,Gamma_Tech,I4_Hybrid,2025
1FAHP3UMJEI617711,2023-08-27,KCAP,Supplier_Beta,V8_Coyote,2023
1FAHP3MHSDG499856,2023-03-28,KCAP,Supplier_Beta,V8_Coyote,2023
1FAHP3BCOAV961183,2024-06-19,OHAP,Supplier_Alpha,V6_EcoBoost,2025
1FAHP3UQQXJ766156,2023-12-11,KCAP,Supplier_Beta,I4_Hybrid,2024
1FAHP3GVVXZ711116,2023-05-13,KCAP,Supplier_Beta,V6_EcoBoost,2024
1FAHP3VQHAW280988,2023-04-11,KCAP,Supplier_Alpha,V6_EcoBoost,2024
1FAHP3GKGNJ604945,2024-11-22,OHAP,Supplier_Alpha,I4_Hybrid,2023
1FAHP3HWRKO731585,2023-05-08,KCAP,Supplier_Alpha,I4_Hybrid,2024
1FAHP3MQSRB689980,2022-12-15,MAP,Supplier_Alpha,V8_Coyote,2023
1FAHP3LJKQZ244550,2022-12-21,KCAP,Supplier_Alpha,I4_Hybrid,2023
1FAHP3YADVK120183,2024-10-11,MAP,Supplier_Alpha,V8_Coyote,2024
1FAHP3DJKWN545991,2024-01-04,MAP,Supplier_Alpha,V8_Coyote,2024
1FAHP3MCARN014767,2024-07-01,MAP,Supplier_Alpha,V8_Coyote,2025
1FAHP3RRLFH815614,2024-06-27,OHAP,Gamma_Tech,I4_Hybrid,2025
1FAHP3ANTNX403690,2023-09-28,OHAP,Supplier_Beta,V6_EcoBoost,2024
1FAHP3FVBLI244510,2023-12-28,OHAP,Supplier_Beta,V8_Coyote,2023
1FAHP3EZVCB683885,2023-10-22,KCAP,Supplier_Beta,V6_EcoBoost,2023
1FAHP3KZTOA071596,2024-11-30,MAP,Supplier_Beta,V6_EcoBoost,2023
1FAHP3ZNDSX416052,2023-10-30,OHAP,Supplier_Alpha,I4_Hybrid,2023
1FAHP3ZHFZT161369,2023-10-14,OHAP,Supplier_Beta,V6_EcoBoost,2023
1FAHP3OHHGM535218,2024-07-10,KCAP,Supplier_Beta,V6_EcoBoost,2025
1FAHP3QMLMJ552312,2023-09-27,OHAP,Supplier_Beta,I4_Hybrid,2024
1FAHP3CRKPO127799,2023-10-06,KCAP,Supplier_Beta,V8_Coyote,2025
1FAHP3ECOTY955271,2023-12-27,DTP,Supplier_Alpha,V6_EcoBoost,2023
1FAHP3TDCCD490581,2023-08-08,OHAP,Supplier_Alpha,I4_Hybrid,2023
1FAHP3GYDLJ541199,2024-04-22,DTP,Supplier_Alpha,V6_EcoBoost,2023
1FAHP3EGJDC079359,2024-03-12,KCAP,Supplier_Beta,V6_EcoBoost,2023
1FAHP3PTCCH151820,2023-02-05,MAP,Supplier_Beta,V8_Coyote,2024
1FAHP3YAXVR892554,2023-10-25,OHAP,Supplier_Alpha,V6_EcoBoost,2023
1FAHP3JRYSQ905151,2024-10-29,KCAP,Gamma_Tech,I4_Hybrid,2024
1FAHP3WTPSQ925192,2023-01-11,MAP,Supplier_Beta,V6_EcoBoost,2023
1FAHP3YPYVI629148,2024-11-26,MAP,Supplier_Alpha,V8_Coyote,2024
1FAHP3XTLNV816850,2023-03-18,DTP,Supplier_Alpha,V8_Coyote,2025
1FAHP3SYGGX733221,2023-10-06,KCAP,Supplier_Alpha,I4_Hybrid,2023
1FAHP3MYJKL880592,2024-12-05,MAP,Supplier_Alpha,V8_Coyote,2024
1FAHP3RUPCN927065,2024-02-24,OHAP,Supplier_Alpha,V6_EcoBoost,2025
1FAHP3ZYEMX473834,2023-04-17,OHAP,Supplier_Alpha,V8_Coyote,2023
1FAHP3HAKMZ977468,2023-05-11,DTP,Supplier_Alpha,I4_Hybrid,2023
1FAHP3JGTHH924075,2024-07-26,MAP,Supplier_Alpha,V8_Coyote,2023
1FAHP3JBFOC412478,2023-11-15,KCAP,Gamma_Tech,V8_Coyote,2024
1FAHP3XPYFX506068,2023-06-28,OHAP,Supplier_Alpha,V8_Coyote,2024
1FAHP3ICSES305152,2024-08-02,MAP,Supplier_Beta,I4_Hybrid,2025
1FAHP3BQNJJ277901,2024-11-20,MAP,Supplier_Beta,V8_Coyote,2024
1FAHP3THDPA986143,2024-07-17,DTP,Gamma_Tech,V8_Coyote,2024
1FAHP3IBOGK971179,2024-06-24,OHAP,Supplier_Alpha,V6_EcoBoost,2023
1FAHP3WPKAL324609,2023-09-08,OHAP,Supplier_Alpha,I4_Hybrid,2023
1FAHP3GYGJB185188,2024-01-11,KCAP,Gamma_Tech,V8_Coyote,2023
1FAHP3VBWYE670654,2024-06-14,OHAP,Gamma_Tech,I4_Hybrid,2023
1FAHP3CWIVP531952,2023-12-26,KCAP,Gamma_Tech,V8_Coyote,2023
1FAHP3TXDCS277221,2024-04-18,OHAP,Supplier_Alpha,V8_Coyote,2023
1FAHP3GZIEQ303054,2024-05-29,DTP,Supplier_Alpha,V8_Coyote,2023
1FAHP3RHZXB034505,2023-09-23,OHAP,Supplier_Beta,V6_EcoBoost,2025
1FAHP3SFXZH676527,2024-06-04,KCAP,Gamma_Tech,V6_EcoBoost,2025
1FAHP3LISUG416169,2023-01-25,KCAP,Supplier_Beta,V6_EcoBoost,2025
1FAHP3TBKSC154479,2024-04-30,DTP,Supplier_Beta,I4_Hybrid,2025
1FAHP3ROYDE570596,2023-10-07,OHAP,Supplier_Alpha,I4_Hybrid,2023
1FAHP3MRYCC658202,2024-11-30,OHAP,Supplier_Beta,V6_EcoBoost,2025
1FAHP3KCMJR213556,2023-11-06,DTP,Supplier_Alpha,I4_Hybrid,2023
1FAHP3IHXZU755719,2024-07-05,OHAP,Supplier_Alpha,V8_Coyote,2025
1FAHP3HYJHQ431027,2023-06-21,OHAP,Supplier_Beta,V8_Coyote,2024
1FAHP3MHIEC473947,2023-06-18,KCAP,Supplier_Beta,V8_Coyote,2025
1FAHP3JISTK271551,2023-12-18,OHAP,Supplier_Alpha,V6_EcoBoost,2025
1FAHP3YIPYF258313,2023-01-07,OHAP,Supplier_Alpha,I4_Hybrid,2023
1FAHP3ZJINF058957,2024-11-26,DTP,Supplier_Beta,V6_EcoBoost,2025
1FAHP3XAKEI146786,2024-09-03,DTP,Supplier_Alpha,I4_Hybrid,2024
1FAHP3IXJOL517785,2023-09-18,MAP,Supplier_Beta,V8_Coyote,2023
1FAHP3HJTKK226801,2024-04-15,KCAP,Supplier_Alpha,V6_EcoBoost,2023
1FAHP3QMOJR535841,2024-06-12,OHAP,Supplier_Beta,I4_Hybrid,2025
1FAHP3PKLLJ249818,2024-05-20,OHAP,Supplier_Beta,I4_Hybrid,2023
1FAHP3BFCPX299590,2023-01-02,MAP,Supplier_Alpha,V8_Coyote,2023
1FAHP3OBFOI943969,2024-06-05,OHAP,Supplier_Alpha,V6_EcoBoost,2023
1FAHP3DESDK447364,2024-05-12,KCAP,Supplier_Alpha,V6_EcoBoost,2023
1FAHP3MJUTU767735,2024-04-26,MAP,Supplier_Alpha,V6_EcoBoost,2023
1FAHP3GUPDH562588,2023-04-05,KCAP,Gamma_Tech,V8_Coyote,2023
1FAHP3SYNAP473210,2023-07-02,MAP,Supplier_Alpha,V6_EcoBoost,2024
1FAHP3FGDFT259532,2024-03-26,MAP,Gamma_Tech,V8_Coyote,2025
1FAHP3PNLWD701687,2023-11-30,DTP,Supplier_Alpha,V8_Coyote,2024
1FAHP3IAGBI047974,2024-05-23,KCAP,Supplier_Beta,V8_Coyote,2023
1FAHP3DKJMX456506,2023-04-05,OHAP,Supplier_Beta,I4_Hybrid,2023
1FAHP3WJRNR841687,2023-06-27,OHAP,Supplier_Beta,V6_EcoBoost,2025
1FAHP3YVJXW912165,2023-06-22,KCAP,Supplier_Beta,V6_EcoBoost,2024
1FAHP3CCCIT239868,2024-03-23,OHAP,Supplier_Beta,V8_Coyote,2025
1FAHP3GIUNU578729,2024-03-05,OHAP,Supplier_Alpha,V8_Coyote,2024
1FAHP3GGIFT269495,2024-05-09,KCAP,Gamma_Tech,V6_EcoBoost,2023
1FAHP3RHALT947055,2024-09-25,MAP,Gamma_Tech,V8_Coyote,2025
1FAHP3OUDLE097499,2023-04-16,KCAP,Gamma_Tech,V6_EcoBoost,2025
1FAHP3CKSHM289623,2022-12-21,MAP,Supplier_Alpha,I4_Hybrid,2023
1FAHP3SNAGX075626,2023-03-12,OHAP,Supplier_Beta,V8_Coyote,2025
1FAHP3JUQEH970283,2024-08-01,OHAP,Gamma_Tech,V6_EcoBoost,2024
1FAHP3IWRXU652785,2023-02-21,OHAP,Supplier_Alpha,V8_Coyote,2024
1FAHP3JTOTX497334,2024-04-25,DTP,Supplier_Alpha,V6_EcoBoost,2024
1FAHP3JYURS437575,2024-06-16,MAP,Supplier_Beta,V6_EcoBoost,2024
1FAHP3XZJSC198665,2024-11-23,DTP,Supplier_Beta,V8_Coyote,2023
1FAHP3NMIRJ415747,2023-10-06,DTP,Gamma_Tech,I4_Hybrid,2025
1FAHP3PDQHO421993,2023-10-16,KCAP,Supplier_Alpha,V6_EcoBoost,2024
1FAHP3GRXIA301657,2024-06-12,DTP,Supplier_Beta,V6_EcoBoost,2023
1FAHP3WSUSP826773,2024-03-11,KCAP,Supplier_Alpha,V6_EcoBoost,2025
1FAHP3LALCZ019380,2024-11-10,KCAP,Supplier_Alpha,I4_Hybrid,2025
1FAHP3KMGVS724004,2023-02-12,DTP,Supplier_Alpha,I4_Hybrid,2023
1FAHP3DRMZH788728,2024-01-18,MAP,Gamma_Tech,V8_Coyote,2023
1FAHP3VVYSK527420,2024-11-17,MAP,Supplier_Beta,I4_Hybrid,2024
1FAHP3UFZQG329668,2023-05-07,MAP,Supplier_Beta,V8_Coyote,2025
1FAHP3QYPCW227530,2024-10-22,MAP,Supplier_Alpha,V8_Coyote,2025
1FAHP3QPXSP454990,2023-11-05,MAP,Gamma_Tech,I4_Hybrid,2023
1FAHP3RGTXT017426,2023-04-19,DTP,Supplier_Alpha,V8_Coyote,2025
1FAHP3IEJDV145933,2024-09-16,DTP,Gamma_Tech,I4_Hybrid,2024
1FAHP3ZQNWP956878,2023-11-08,OHAP,Supplier_Beta,V8_Coyote,2025
1FAHP3EKHDJ918785,2023-06-26,MAP,Supplier_Alpha,I4_Hybrid,2023
1FAHP3UHCHR839822,2024-06-01,DTP,Supplier_Beta,I4_Hybrid,2023
1FAHP3ZDDIG397187,2023-08-03,OHAP,Supplier_Alpha,V8_Coyote,2024
1FAHP3RZTUB679087,2024-01-04,MAP,Supplier_Beta,V6_EcoBoost,2024
1FAHP3CBWSE640391,2024-01-30,KCAP,Supplier_Beta,V8_Coyote,2025
1FAHP3ALXIX801704,2024-05-06,OHAP,Supplier_Alpha,I4_Hybrid,2025
1FAHP3FRQII656766,2024-10-30,DTP,Gamma_Tech,V6_EcoBoost,2023
1FAHP3IUOAW512868,2023-10-05,KCAP,Supplier_Alpha,V8_Coyote,2024
1FAHP3YOPDW047868,2024-03-11,KCAP,Supplier_Beta,V8_Coyote,2024
1FAHP3NXBPN243106,2023-08-08,KCAP,Gamma_Tech,V8_Coyote,2024
1FAHP3RTDPV119079,2024-07-04,OHAP,Supplier_Beta,V6_EcoBoost,2025
1FAHP3WXDIG067383,2023-10-27,DTP,Supplier_Alpha,I4_Hybrid,2024
1FAHP3XRUPT439599,2024-07-18,KCAP,Gamma_Tech,V8_Coyote,2023
1FAHP3DJLVL283644,2024-10-22,MAP,Supplier_Beta,V8_Coyote,2023
1FAHP3YHUSA687056,2024-11-28,KCAP,Supplier_Alpha,V8_Coyote,2025
1FAHP3EPOTT624628,2024-06-29,KCAP,Supplier_Alpha,V8_Coyote,2025
1FAHP3JHIYP270866,2024-10-17,OHAP,Supplier_Beta,V8_Coyote,2024
1FAHP3FIUMD435175,2023-02-19,OHAP,Supplier_Beta,I4_Hybrid,2025
1FAHP3MZWLU469901,2023-03-06,DTP,Supplier_Beta,I4_Hybrid,2023
1FAHP3ANMVH837354,2024-04-19,MAP,Gamma_Tech,V8_Coyote,2024
1FAHP3JUXSY739363,2024-02-29,OHAP,Supplier_Beta,V6_EcoBoost,2023
1FAHP3GFDGZ785445,2024-08-06,KCAP,Supplier_Alpha,I4_Hybrid,2024
1FAHP3CKOVJ753556,2024-08-22,DTP,Supplier_Alpha,V6_EcoBoost,2025
1FAHP3SJMVO048996,2023-09-05,KCAP,Supplier_Alpha,I4_Hybrid,2024
1FAHP3QWFUP693785,2024-09-04,KCAP,Supplier_Beta,V8_Coyote,2024
1FAHP3UIFLI772522,2023-04-01,OHAP,Supplier_Alpha,I4_Hybrid,2023
1FAHP3AIOOE080100,2023-07-08,DTP,Supplier_Beta,V8_Coyote,2023
1FAHP3DNOQN203875,2024-07-15,MAP,Supplier_Beta,I4_Hybrid,2024
1FAHP3AABHU770088,2023-05-23,MAP,Gamma_Tech,V8_Coyote,2025
1FAHP3ZLGGH484086,2024-12-03,OHAP,Supplier_Alpha,V8_Coyote,2025
1FAHP3WRYZF233984,2024-07-15,OHAP,Gamma_Tech,V8_Coyote,2023
1FAHP3TRFPP567933,2023-10-17,DTP,Supplier_Alpha,V8_Coyote,2025
1FAHP3EDOAS016668,2024-06-06,MAP,Gamma_Tech,V6_EcoBoost,2023
1FAHP3GHCON217659,2023-08-08,MAP,Supplier_Alpha,V8_Coyote,2025
1FAHP3IKQCL974014,2022-12-16,MAP,Supplier_Alpha,V6_EcoBoost,2024
1FAHP3ETKKP503926,2023-04-21,KCAP,Supplier_Beta,V6_EcoBoost,2023
1FAHP3YSUFG968562,2024-09-06,MAP,Supplier_Alpha,V8_Coyote,2023
1FAHP3VMXNM501631,2023-12-28,KCAP,Supplier_Alpha,V6_EcoBoost,2024
1FAHP3OWJYB650477,2022-12-13,DTP,Supplier_Beta,I4_Hybrid,2023
1FAHP3ZPTEF296194,2023-02-25,KCAP,Supplier_Beta,V8_Coyote,2025
1FAHP3XGFAT426265,2023-02-04,DTP,Supplier_Beta,V6_EcoBoost,2025
1FAHP3LBCJJ754121,2024-08-03,MAP,Supplier_Beta,V8_Coyote,2023
1FAHP3JFMMY861015,2024-06-04,MAP,Supplier_Beta,V8_Coyote,2025
1FAHP3XFUJP560466,2023-11-01,DTP,Supplier_Alpha,V8_Coyote,2023
1FAHP3RTRFJ982622,2024-01-23,OHAP,Supplier_Alpha,V6_EcoBoost,2024
1FAHP3EYEXQ126464,2023-10-31,DTP,Supplier_Alpha,I4_Hybrid,2023
1FAHP3GITAZ379937,2024-05-03,OHAP,Gamma_Tech,I4_Hybrid,2024
1FAHP3BPMIT596575,2023-07-23,KCAP,Supplier_Beta,V6_EcoBoost,2025
1FAHP3ZUSVS593752,2024-07-03,KCAP,Supplier_Beta,V8_Coyote,2024
1FAHP3YZXHK793564,2023-11-11,KCAP,Supplier_Beta,V6_EcoBoost,2025
1FAHP3UDTNC398280,2023-04-23,MAP,Gamma_Tech,V6_EcoBoost,2023
1FAHP3PQQJT416724,2023-04-28,KCAP,Supplier_Alpha,V6_EcoBoost,2025
1FAHP3LZIGS661797,2023-09-29,OHAP,Supplier_Beta,V8_Coyote,2023
1FAHP3OFGXP680589,2023-05-05,KCAP,Supplier_Beta,V6_EcoBoost,2023
1FAHP3WVYBG529096,2024-06-10,DTP,Supplier_Beta,V8_Coyote,2024
1FAHP3JLSKO014388,2023-03-26,DTP,Supplier_Alpha,V6_EcoBoost,2024
1FAHP3JWBEG756798,2023-05-14,MAP,Gamma_Tech,I4_Hybrid,2024
1FAHP3TVDYN461125,2023-12-24,DTP,Gamma_Tech,V6_EcoBoost,2024
1FAHP3USCUE875717,2023-05-02,OHAP,Supplier_Beta,V6_EcoBoost,2025
1FAHP3RZKVP401051,2024-01-06,KCAP,Supplier_Beta,I4_Hybrid,2025
1FAHP3BDOZZ828258,2023-03-07,MAP,Gamma_Tech,V8_Coyote,2025
1FAHP3MCLBY226609,2023-11-27,KCAP,Supplier_Beta,V8_Coyote,2023
1FAHP3GZILX033419,2024-02-25,KCAP,Supplier_Alpha,V6_EcoBoost,2025
1FAHP3HOUMY537147,2024-09-04,OHAP,Supplier_Beta,I4_Hybrid,2025
1FAHP3DNLRT969155,2023-05-26,DTP,Supplier_Beta,V8_Coyote,2025
1FAHP3HPTHL499125,2023-05-05,DTP,Supplier_Beta,V6_EcoBoost,2024
1FAHP3IKYBL528669,2023-05-17,KCAP,Supplier_Beta,I4_Hybrid,2025
1FAHP3SILUC782827,2023-01-26,MAP,Gamma_Tech,V8_Coyote,2023
1FAHP3MYJGP905072,2024-07-16,DTP,Gamma_Tech,V8_Coyote,2024
1FAHP3KFKBY767677,2023-05-02,MAP,Supplier_Beta,I4_Hybrid,2023
1FAHP3SKXDK340438,2024-08-31,DTP,Supplier_Alpha,I4_Hybrid,2025
1FAHP3RXIXI788191,2024-07-23,MAP,Gamma_Tech,I4_Hybrid,2024
1FAHP3VPWPT078361,2023-05-10,OHAP,Gamma_Tech,I4_Hybrid,2023
1FAHP3HXZPN074517,2023-07-01,MAP,Supplier_Alpha,V6_EcoBoost,2025
1FAHP3IYNNZ959629,2024-11-11,OHAP,Gamma_Tech,I4_Hybrid,2023
1FAHP3IKUTS095849,2024-10-19,OHAP,Gamma_Tech,V8_Coyote,2023
1FAHP3WYADR494812,2023-10-25,MAP,Supplier_Beta,V8_Coyote,2023
1FAHP3WRZFJ223253,2023-11-19,OHAP,Supplier_Beta,V6_EcoBoost,2025
1FAHP3OYXFZ946671,2024-04-11,KCAP,Supplier_Alpha,V8_Coyote,2025
1FAHP3LAXUF845775,2024-11-20,OHAP,Supplier_Alpha,V8_Coyote,2023
1FAHP3BNFRU751863,2024-04-10,DTP,Supplier_Alpha,I4_Hybrid,2024
1FAHP3FYVRW458929,2023-03-06,MAP,Gamma_Tech,V8_Coyote,2024
1FAHP3KCDAB001701,2024-10-16,KCAP,Supplier_Alpha,V6_EcoBoost,2025
1FAHP3PXQFX324241,2024-04-19,MAP,Supplier_Alpha,I4_Hybrid,2025
1FAHP3PFTGA206436,2023-04-20,DTP,Supplier_Alpha,I4_Hybrid,2025
1FAHP3HRCAA371293,2023-02-11,DTP,Supplier_Beta,V6_EcoBoost,2025
1FAHP3OYFUZ516271,2023-07-27,DTP,Gamma_Tech,I4_Hybrid,2025
1FAHP3YXWIP115542,2023-02-16,OHAP,Supplier_Alpha,I4_Hybrid,2024
1FAHP3PKCWU218909,2023-10-01,OHAP,Supplier_Alpha,V6_EcoBoost,2025
1FAHP3FGIWH326973,2023-03-18,MAP,Supplier_Beta,I4_Hybrid,2023
1FAHP3PRPFP965652,2023-07-14,MAP,Supplier_Beta,V6_EcoBoost,2023
1FAHP3QTNHM899940,2023-01-30,KCAP,Supplier_Alpha,V6_EcoBoost,2024
1FAHP3FYHPF836403,2023-09-03,KCAP,Supplier_Beta,V8_Coyote,2023
1FAHP3IYKAX918055,2023-01-04,MAP,Supplier_Alpha,V8_Coyote,2024
1FAHP3EAQNC827109,2024-03-10,OHAP,Supplier_Alpha,I4_Hybrid,2024
1FAHP3BSZFO068486,2023-06-12,DTP,Supplier_Beta,I4_Hybrid,2023
1FAHP3TFGNZ889241,2023-12-18,MAP,Supplier_Beta,V6_EcoBoost,2025
1FAHP3TSBUP285691,2023-12-23,KCAP,Gamma_Tech,I4_Hybrid,2023
1FAHP3NMDTQ031617,2024-05-17,OHAP,Supplier_Alpha,V6_EcoBoost,2023
1FAHP3FWHHY210202,2024-07-24,MAP,Supplier_Beta,V6_EcoBoost,2024
1FAHP3XBVZB425241,2023-02-28,MAP,Supplier_Beta,I4_Hybrid,2023
1FAHP3FDGXD481491,2022-12-19,OHAP,Supplier_Alpha,V6_EcoBoost,2024
1FAHP3XGKRU792524,2023-01-28,MAP,Supplier_Beta,V8_Coyote,2025
1FAHP3PCEXY138000,2023-07-06,OHAP,Supplier_Alpha,I4_Hybrid,2025
1FAHP3UPAUU220863,2024-07-17,DTP,Gamma_Tech,V8_Coyote,2025
1FAHP3RDLOZ419518,2022-12-17,OHAP,Supplier_Alpha,I4_Hybrid,2023
1FAHP3XTUFJ806174,2024-05-11,OHAP,Supplier_Beta,V6_EcoBoost,2024
1FAHP3YTVNP705349,2024-03-08,OHAP,Supplier_Alpha,I4_Hybrid,2025
1FAHP3WYPJA759738,2024-08-15,MAP,Gamma_Tech,V8_Coyote,2024
1FAHP3VAWQY603850,2023-01-13,MAP,Supplier_Beta,V6_EcoBoost,2024
1FAHP3FDJTR413836,2023-02-25,OHAP,Supplier_Beta,I4_Hybrid,2025
1FAHP3DVFLG103865,2023-05-24,MAP,Supplier_Alpha,I4_Hybrid,2025
1FAHP3DBQIP826199,2024-01-21,KCAP,Supplier_Beta,I4_Hybrid,2024
1FAHP3CROEM445655,2024-08-17,KCAP,Supplier_Alpha,V8_Coyote,2025
1FAHP3CDUAH291212,2022-12-17,MAP,Gamma_Tech,V8_Coyote,2024
1FAHP3QHFKZ853747,2023-09-29,MAP,Supplier_Alpha,I4_Hybrid,2024
1FAHP3FTPWZ490352,2024-03-24,OHAP,Supplier_Alpha,V6_EcoBoost,2025
1FAHP3ZCJVJ804420,2024-01-19,DTP,Supplier_Alpha,V6_EcoBoost,2023
1FAHP3ADXOI317121,2024-07-25,MAP,Supplier_Beta,V8_Coyote,2025
1FAHP3QEBEM365199,2023-07-06,KCAP,Supplier_Beta,V6_EcoBoost,2023
1FAHP3DDKKB721510,2024-12-05,OHAP,Supplier_Alpha,V8_Coyote,2024
1FAHP3WNLRR670662,2023-12-24,MAP,Supplier_Beta,I4_Hybrid,2024
1FAHP3PPSFA720999,2023-12-14,KCAP,Supplier_Beta,V8_Coyote,2023
1FAHP3IAMPZ870146,2024-07-21,KCAP,Supplier_Beta,V8_Coyote,2024
1FAHP3EIYFW838065,2023-08-30,DTP,Supplier_Beta,I4_Hybrid,2023
1FAHP3BUMOB985642,2024-03-25,OHAP,Supplier_Beta,V6_EcoBoost,2023
1FAHP3OKGPQ407859,2023-11-10,OHAP,Supplier_Beta,V8_Coyote,2024
1FAHP3ZYWLL348039,2023-08-30,DTP,Supplier_Alpha,V8_Coyote,2023
1FAHP3TSWKK395590,2023-09-25,DTP,Supplier_Alpha,I4_Hybrid,2025
1FAHP3LFCFD293784,2024-05-24,OHAP,Gamma_Tech,V6_EcoBoost,2025
1FAHP3AVNMZ393087,2024-11-02,OHAP,Gamma_Tech,V8_Coyote,2024
1FAHP3JLTJX252500,2023-09-04,MAP,Supplier_Alpha,I4_Hybrid,2024
1FAHP3LGVTU185156,2023-08-13,MAP,Supplier_Alpha,V8_Coyote,2023
1FAHP3TJSNY226752,2024-09-06,DTP,Supplier_Beta,I4_Hybrid,2023
1FAHP3USSIL539264,2023-06-16,MAP,Supplier_Beta,V6_EcoBoost,2023
1FAHP3MUZNO096902,2023-09-18,KCAP,Supplier_Alpha,V6_EcoBoost,2023
1FAHP3PWUKO917251,2024-05-11,MAP,Supplier_Alpha,V6_EcoBoost,2025
1FAHP3PSEWQ157043,2023-10-17,MAP,Supplier_Beta,V6_EcoBoost,2025
1FAHP3KAFYW100676,2023-10-01,KCAP,Supplier_Beta,V8_Coyote,2024
1FAHP3KCEZC861793,2024-03-30,DTP,Supplier_Alpha,V8_Coyote,2023
1FAHP3VKYKU405411,2023-01-25,KCAP,Supplier_Alpha,V6_EcoBoost,2023
1FAHP3ETBBP181599,2023-09-14,MAP,Supplier_Alpha,V6_EcoBoost,2024
1FAHP3VNMAS296201,2024-10-20,DTP,Supplier_Beta,V6_EcoBoost,2023
1FAHP3GDZKJ884443,2023-08-25,MAP,Supplier_Alpha,V8_Coyote,2023
1FAHP3FSQOM720506,2024-08-29,KCAP,Supplier_Alpha,V6_EcoBoost,2023
1FAHP3OSFEH731032,2023-02-27,KCAP,Supplier_Beta,V6_EcoBoost,2023
1FAHP3PIYLX467741,2022-12-14,MAP,Supplier_Alpha,V6_EcoBoost,2023
1FAHP3CDQOR652704,2023-12-01,OHAP,Supplier_Beta,I4_Hybrid,2024
1FAHP3ZIAWL902115,2024-10-18,OHAP,Supplier_Alpha,V6_EcoBoost,2023
1FAHP3IREKP380686,2024-06-06,KCAP,Supplier_Alpha,I4_Hybrid,2024
1FAHP3KHZKR741608,2023-10-20,KCAP,Supplier_Alpha,I4_Hybrid,2023
1FAHP3NZMIC921722,2024-06-27,OHAP,Supplier_Beta,V6_EcoBoost,2025
1FAHP3QUUZE616329,2024-09-20,OHAP,Gamma_Tech,I4_Hybrid,2025
1FAHP3RHDAY168685,2024-10-31,MAP,Gamma_Tech,V6_EcoBoost,2025
1FAHP3JJKLL998616,2024-11-29,MAP,Supplier_Alpha,V8_Coyote,2025
1FAHP3WAQYP119148,2023-03-29,OHAP,Supplier_Beta,V8_Coyote,2024
1FAHP3RZJNM799702,2022-12-31,MAP,Supplier_Alpha,V8_Coyote,2024
1FAHP3VERXB606530,2024-03-23,MAP,Supplier_Alpha,V8_Coyote,2023
1FAHP3OITVC544471,2023-03-17,DTP,Gamma_Tech,I4_Hybrid,2025
1FAHP3CNAVF546913,2024-10-16,MAP,Supplier_Alpha,V6_EcoBoost,2024
1FAHP3TTGZI850821,2024-01-28,KCAP,Supplier_Alpha,V6_EcoBoost,2023
1FAHP3DPCDD890233,2023-07-17,MAP,Supplier_Alpha,V6_EcoBoost,2023
1FAHP3ZOHRB534578,2024-06-07,MAP,Supplier_Alpha,V8_Coyote,2024
1FAHP3ELJWW357972,2024-07-17,OHAP,Supplier_Alpha,V8_Coyote,2025
1FAHP3DKKXN241406,2024-09-05,KCAP,Supplier_Beta,V6_EcoBoost,2023
1FAHP3BXXRA333468,2023-06-23,MAP,Supplier_Beta,V8_Coyote,2025
1FAHP3QMZTT722903,2023-09-24,MAP,Gamma_Tech,V6_EcoBoost,2025
1FAHP3NDTRH466574,2023-11-28,DTP,Gamma_Tech,V6_EcoBoost,2025
1FAHP3QXJPM969108,2024-04-05,MAP,Supplier_Alpha,V6_EcoBoost,2023
1FAHP3VROUR944171,2024-05-27,MAP,Supplier_Alpha,V6_EcoBoost,2025
1FAHP3DZZZM443283,2024-05-06,DTP,Supplier_Alpha,V6_EcoBoost,2023
1FAHP3QAZYV652074,2024-10-17,OHAP,Supplier_Beta,V6_EcoBoost,2025
1FAHP3RIOYE099353,2023-12-16,MAP,Supplier_Alpha,V6_EcoBoost,2023
1FAHP3SGEIV584282,2024-01-15,DTP,Supplier_Beta,V8_Coyote,2025
1FAHP3WOVTA482513,2023-10-28,KCAP,Supplier_Beta,V6_EcoBoost,2024
1FAHP3HEDOL554947,2024-05-07,OHAP,Supplier_Beta,V6_EcoBoost,2025
1FAHP3HRYHT991738,2023-05-06,KCAP,Supplier_Beta,V8_Coyote,2025
1FAHP3AKDJU602235,2022-12-14,KCAP,Supplier_Alpha,V8_Coyote,2023
1FAHP3ODACR217525,2024-04-20,DTP,Gamma_Tech,V8_Coyote,2023
1FAHP3INBOB329271,2024-09-03,MAP,Supplier_Beta,V6_EcoBoost,2025
1FAHP3IMUXA667600,2023-08-19,DTP,Supplier_Alpha,I4_Hybrid,2024
1FAHP3OSWTI583003,2022-12-24,DTP,Gamma_Tech,I4_Hybrid,2024
1FAHP3ECTSD168942,2024-04-17,DTP,Supplier_Beta,V8_Coyote,2023
1FAHP3VFWWM898562,2023-09-17,DTP,Gamma_Tech,I4_Hybrid,2024
1FAHP3NUBLG260332,2024-10-20,OHAP,Supplier_Beta,V8_Coyote,2025
1FAHP3XINDM215064,2023-01-16,MAP,Supplier_Beta,V6_EcoBoost,2023
1FAHP3CYHJQ010016,2024-08-30,KCAP,Supplier_Alpha,I4_Hybrid,2025
1FAHP3QGQHR723046,2024-07-05,KCAP,Supplier_Alpha,V6_EcoBoost,2023
1FAHP3UNHSH992618,2023-08-21,MAP,Supplier_Beta,I4_Hybrid,2023
1FAHP3HMWTA173934,2024-05-21,KCAP,Supplier_Beta,V6_EcoBoost,2023
1FAHP3SEVPA420873,2023-11-22,MAP,Supplier_Alpha,I4_Hybrid,2023
1FAHP3FXGEU011972,2023-06-11,KCAP,Supplier_Alpha,V6_EcoBoost,2024
1FAHP3DDGLC143744,2024-03-27,DTP,Gamma_Tech,V6_EcoBoost,2025
1FAHP3WCAIQ455611,2023-12-23,KCAP,Gamma_Tech,I4_Hybrid,2025
1FAHP3UFXVL255794,2023-10-18,MAP,Supplier_Beta,V6_EcoBoost,2025
1FAHP3SEZAP166746,2024-07-08,MAP,Supplier_Alpha,V6_EcoBoost,2023
1FAHP3ALEZK212021,2024-03-31,MAP,Supplier_Alpha,V6_EcoBoost,2024
1FAHP3BRUIE729659,2024-08-19,MAP,Supplier_Alpha,I4_Hybrid,2025
1FAHP3QPUAT716701,2023-02-13,MAP,Gamma_Tech,I4_Hybrid,2024
1FAHP3HSSNG899358,2023-09-08,OHAP,Supplier_Alpha,V6_EcoBoost,2023
1FAHP3JNDAP637562,2023-11-09,OHAP,Supplier_Beta,V6_EcoBoost,2025
1FAHP3WFUPV287721,2024-12-10,KCAP,Supplier_Alpha,I4_Hybrid,2024
1FAHP3ZPFDC408386,2024-12-04,MAP,Supplier_Beta,I4_Hybrid,2023
1FAHP3HFVPB971775,2024-12-04,KCAP,Supplier_Beta,V6_EcoBoost,2024
1FAHP3AFYMN166088,2023-12-16,MAP,Gamma_Tech,V6_EcoBoost,2025
1FAHP3XDODV488375,2024-05-06,MAP,Supplier_Alpha,V6_EcoBoost,2025
1FAHP3HGWQO899757,2024-10-07,OHAP,Supplier_Alpha,V8_Coyote,2023
1FAHP3XSGCK055488,2024-06-07,OHAP,Supplier_Alpha,I4_Hybrid,2023
1FAHP3MMHZN726149,2024-11-14,DTP,Gamma_Tech,V8_Coyote,2023
1FAHP3ORLHX735160,2023-02-28,OHAP,Gamma_Tech,I4_Hybrid,2024
1FAHP3AHVDJ779827,2024-07-04,DTP,Supplier_Beta,I4_Hybrid,2024
1FAHP3LUIGY697829,2023-10-06,DTP,Supplier_Beta,I4_Hybrid,2024
1FAHP3MSWPR995866,2023-07-28,DTP,Supplier_Beta,I4_Hybrid,2023
1FAHP3AMSVG654722,2024-03-27,DTP,Supplier_Alpha,I4_Hybrid,2025
1FAHP3NNTSR485833,2023-05-12,DTP,Gamma_Tech,I4_Hybrid,2025
1FAHP3THWWJ522885,2024-06-16,KCAP,Supplier_Beta,I4_Hybrid,2024
1FAHP3BZAHG799684,2023-04-02,OHAP,Supplier_Alpha,V8_Coyote,2024
1FAHP3RWYKS062003,2024-10-17,DTP,Supplier_Beta,V6_EcoBoost,2025
1FAHP3CWCGN420438,2024-01-19,MAP,Supplier_Alpha,V6_EcoBoost,2025
1FAHP3YYZSS838638,2024-10-22,OHAP,Supplier_Alpha,V8_Coyote,2024
1FAHP3DAVQM066658,2024-02-29,OHAP,Supplier_Beta,V8_Coyote,2024
1FAHP3VMMXU973598,2024-08-12,DTP,Supplier_Alpha,V8_Coyote,2025
1FAHP3LVGHY347212,2024-10-07,KCAP,Supplier_Beta,V8_Coyote,2023
1FAHP3KLQAV064842,2024-06-20,DTP,Supplier_Alpha,I4_Hybrid,2024
1FAHP3DXONQ720259,2024-01-07,KCAP,Supplier_Alpha,V6_EcoBoost,2025
1FAHP3YTUHO479851,2023-01-05,MAP,Supplier_Alpha,I4_Hybrid,2025
1FAHP3IIZFW281826,2023-03-21,OHAP,Supplier_Alpha,V6_EcoBoost,2025
1FAHP3NWNHE335554,2024-01-02,MAP,Supplier_Beta,V6_EcoBoost,2025
1FAHP3PNNPC801573,2024-08-21,KCAP,Supplier_Alpha,V8_Coyote,2023
1FAHP3USBHX561648,2023-02-17,KCAP,Supplier_Beta,I4_Hybrid,2025
1FAHP3SPMUG588770,2023-08-03,MAP,Supplier_Beta,V8_Coyote,2024
1FAHP3OENQO112880,2024-09-18,KCAP,Supplier_Beta,I4_Hybrid,2023
1FAHP3PEVRJ361386,2024-05-17,MAP,Gamma_Tech,V6_EcoBoost,2025
1FAHP3DLYQJ075011,2024-02-11,OHAP,Supplier_Beta,V8_Coyote,2023
1FAHP3COZBU193466,2024-10-21,MAP,Supplier_Alpha,V8_Coyote,2024
1FAHP3EWVLC061809,2023-12-09,OHAP,Supplier_Alpha,V6_EcoBoost,2025
1FAHP3MFSWC158144,2023-04-21,MAP,Supplier_Alpha,V6_EcoBoost,2024
1FAHP3OIVZY660728,2024-11-07,KCAP,Supplier_Beta,V6_EcoBoost,2025
1FAHP3JJJHC842450,2023-11-23,MAP,Supplier_Alpha,V8_Coyote,2025
1FAHP3FTNVV099688,2023-03-11,KCAP,Supplier_Beta,I4_Hybrid,2025
1FAHP3LONQM536822,2023-12-21,MAP,Supplier_Beta,V8_Coyote,2025
1FAHP3PJESQ129087,2024-05-09,MAP,Supplier_Alpha,I4_Hybrid,2025
1FAHP3VWIQP141397,2024-02-04,DTP,Supplier_Beta,V8_Coyote,2023
1FAHP3UFCVN314913,2023-06-17,KCAP,Supplier_Alpha,V8_Coyote,2025
1FAHP3ZUBKA492995,2023-06-19,DTP,Supplier_Alpha,V6_EcoBoost,2025
1FAHP3IRUVE533645,2023-05-25,KCAP,Supplier_Beta,I4_Hybrid,2023
1FAHP3GLPMF775478,2023-04-23,DTP,Supplier_Beta,V8_Coyote,2023
1FAHP3UEBGO428341,2024-07-19,OHAP,Supplier_Beta,V8_Coyote,2023
1FAHP3CJQII099693,2024-05-07,MAP,Supplier_Beta,V6_EcoBoost,2023
1FAHP3USIDG725639,2024-06-07,KCAP,Supplier_Alpha,V6_EcoBoost,2023
1FAHP3QPZNR816580,2023-02-19,KCAP,Gamma_Tech,I4_Hybrid,2023
1FAHP3KKQJV282722,2023-03-03,MAP,Supplier_Beta,V8_Coyote,2025
1FAHP3EQXOC750373,2023-11-14,KCAP,Supplier_Beta,I4_Hybrid,2025
1FAHP3CCPUG385677,2024-06-19,KCAP,Supplier_Alpha,V8_Coyote,2024
1FAHP3LYPYX844989,2023-01-03,DTP,Supplier_Beta,I4_Hybrid,2025
1FAHP3HZWWF918463,2023-04-15,KCAP,Supplier_Alpha,V6_EcoBoost,2025
1FAHP3KOEGP790827,2024-12-02,OHAP,Supplier_Alpha,V8_Coyote,2023
1FAHP3MTHQO432225,2024-12-02,OHAP,Gamma_Tech,I4_Hybrid,2023
1FAHP3NLKPA651777,2023-08-22,MAP,Supplier_Alpha,V6_EcoBoost,2025
1FAHP3KIOGC030299,2024-11-12,KCAP,Gamma_Tech,V6_EcoBoost,2024
1FAHP3HZMKO920242,2023-10-05,MAP,Supplier_Beta,I4_Hybrid,2023
1FAHP3EEKOA041379,2024-07-29,OHAP,Supplier_Alpha,V8_Coyote,2025
1FAHP3QKURV929298,2023-07-17,KCAP,Supplier_Beta,V8_Coyote,2025
1FAHP3YIGBM799136,2023-06-01,KCAP,Gamma_Tech,V6_EcoBoost,2024
1FAHP3LENMC886291,2024-06-22,MAP,Supplier_Beta,V8_Coyote,2024
1FAHP3MIAXR881172,2023-06-30,OHAP,Gamma_Tech,V8_Coyote,2023
1FAHP3BOZEY686508,2024-05-12,KCAP,Supplier_Beta,V8_Coyote,2024
1FAHP3IQEXO659916,2023-12-16,MAP,Supplier_Beta,V6_EcoBoost,2025
1FAHP3MATVY149864,2024-11-08,OHAP,Gamma_Tech,I4_Hybrid,2025
1FAHP3YPNSZ098180,2024-05-15,MAP,Supplier_Alpha,V8_Coyote,2024
1FAHP3PLQQI565126,2023-03-17,DTP,Supplier_Beta,V6_EcoBoost,2024
1FAHP3WNAJY695946,2024-05-11,KCAP,Supplier_Alpha,V6_EcoBoost,2024
1FAHP3EQTKW872588,2023-03-27,DTP,Gamma_Tech,I4_Hybrid,2024
1FAHP3GNGZY621372,2024-11-27,OHAP,Gamma_Tech,V8_Coyote,2023
1FAHP3OAZFJ589026,2024-01-31,DTP,Supplier_Alpha,V8_Coyote,2024
1FAHP3OXFMC796114,2024-04-17,DTP,Supplier_Beta,I4_Hybrid,2023
1FAHP3DXLOF669849,2024-06-27,OHAP,Gamma_Tech,I4_Hybrid,2025
1FAHP3CYMGH703843,2023-12-29,MAP,Supplier_Alpha,V6_EcoBoost,2024
1FAHP3PAKFR392053,2023-02-20,DTP,Supplier_Beta,V6_EcoBoost,2023
1FAHP3HAVTE656693,2024-08-20,MAP,Gamma_Tech,I4_Hybrid,2024
1FAHP3WROMM184895,2024-06-01,DTP,Supplier_Alpha,V8_Coyote,2025
1FAHP3AGGJE769042,2023-08-27,MAP,Supplier_Beta,V6_EcoBoost,2025
1FAHP3IYKQS845184,2024-10-19,OHAP,Supplier_Alpha,V6_EcoBoost,2025
1FAHP3XDRDL769735,2023-06-03,DTP,Gamma_Tech,V8_Coyote,2024
1FAHP3OYORS071416,2024-12-04,OHAP,Gamma_Tech,V6_EcoBoost,2024
1FAHP3ASQPS356588,2024-03-03,DTP,Gamma_Tech,V8_Coyote,2023
1FAHP3EUWNK165182,2024-07-29,OHAP,Supplier_Beta,V8_Coyote,2025
1FAHP3VPQNO423733,2024-11-28,OHAP,Gamma_Tech,V8_Coyote,2024
1FAHP3HFRQF339521,2024-03-22,DTP,Gamma_Tech,I4_Hybrid,2025
1FAHP3NUFKR908075,2023-01-31,DTP,Supplier_Alpha,I4_Hybrid,2025
1FAHP3WKIDH728463,2024-04-25,DTP,Gamma_Tech,I4_Hybrid,2023
1FAHP3ZRXLD678085,2023-09-04,KCAP,Supplier_Alpha,V8_Coyote,2023
1FAHP3RNYLG187500,2023-09-30,MAP,Supplier_Beta,V8_Coyote,2023
1FAHP3QPREN559428,2024-11-17,KCAP,Supplier_Alpha,I4_Hybrid,2023
1FAHP3ASWXX552763,2024-06-21,KCAP,Supplier_Alpha,V6_EcoBoost,2025
1FAHP3KROGU647292,2024-07-11,OHAP,Supplier_Alpha,V8_Coyote,2023
1FAHP3JZVJE438663,2024-07-05,DTP,Supplier_Beta,V6_EcoBoost,2023
1FAHP3IUUYF026728,2024-06-27,MAP,Supplier_Alpha,V6_EcoBoost,2023
1FAHP3GSKDN448906,2023-10-04,OHAP,Supplier_Beta,V8_Coyote,2023
1FAHP3XXJJZ471754,2024-05-02,KCAP,Supplier_Alpha,V8_Coyote,2025
1FAHP3RMMKK450615,2024-04-23,DTP,Supplier_Alpha,V6_EcoBoost,2023
1FAHP3FXVCF824558,2024-08-12,OHAP,Supplier_Beta,V6_EcoBoost,2025
1FAHP3OZVAO694722,2024-02-21,DTP,Supplier_Beta,I4_Hybrid,2024
1FAHP3VOUUP996112,2024-10-06,OHAP,Supplier_Alpha,I4_Hybrid,2025
1FAHP3XXVLH449647,2023-11-16,DTP,Supplier_Beta,V8_Coyote,2025
1FAHP3UPQQV762202,2024-08-30,KCAP,Gamma_Tech,I4_Hybrid,2023
1FAHP3EEJDB132611,2023-06-11,MAP,Supplier_Beta,I4_Hybrid,2024
1FAHP3JFPYT681149,2023-06-03,KCAP,Supplier_Alpha,I4_Hybrid,2024
1FAHP3HKBCQ334722,2023-07-01,MAP,Supplier_Alpha,I4_Hybrid,2024
1FAHP3JCISI557784,2023-03-11,DTP,Gamma_Tech,V6_EcoBoost,2024
1FAHP3HOOIT299796,2023-07-26,OHAP,Supplier_Alpha,V8_Coyote,2025
1FAHP3TXAQJ578317,2023-02-18,KCAP,Gamma_Tech,I4_Hybrid,2024
1FAHP3SEIAS400825,2023-03-08,MAP,Supplier_Beta,V6_EcoBoost,2025
1FAHP3MOYAJ774064,2023-02-19,KCAP,Gamma_Tech,V6_EcoBoost,2025
1FAHP3PKTVP536866,2023-09-02,MAP,Supplier_Beta,V6_EcoBoost,2025
1FAHP3OPHWZ663416,2024-07-09,KCAP,Gamma_Tech,I4_Hybrid,2024
1FAHP3MELIS944846,2024-03-15,MAP,Supplier_Alpha,I4_Hybrid,2023
1FAHP3FMUBJ179749,2024-12-08,MAP,Supplier_Beta,V8_Coyote,2023
1FAHP3RITCU080214,2023-05-07,DTP,Supplier_Beta,I4_Hybrid,2024
1FAHP3NVATY031207,2024-07-12,MAP,Supplier_Beta,I4_Hybrid,2023
1FAHP3WJDRX757051,2023-03-12,DTP,Supplier_Beta,V6_EcoBoost,2023
1FAHP3QYAHX618723,2024-02-29,MAP,Gamma_Tech,V8_Coyote,2025
1FAHP3DVXGH367303,2023-09-23,OHAP,Gamma_Tech,I4_Hybrid,2025
1FAHP3OUCVJ376452,2023-03-20,OHAP,Supplier_Beta,I4_Hybrid,2024
1FAHP3XDQNH814743,2024-10-04,OHAP,Supplier_Beta,V6_EcoBoost,2024
1FAHP3LHZYP365024,2023-08-12,MAP,Supplier_Beta,V6_EcoBoost,2023
1FAHP3XXFPK009792,2023-10-03,DTP,Supplier_Beta,I4_Hybrid,2025
1FAHP3WPJSI719500,2024-03-04,DTP,Supplier_Alpha,V8_Coyote,2024
1FAHP3YPWWZ127358,2024-07-06,MAP,Supplier_Alpha,V8_Coyote,2024
1FAHP3QCFTC730652,2022-12-13,OHAP,Supplier_Alpha,V6_EcoBoost,2024
1FAHP3LIWUU848739,2023-08-10,OHAP,Supplier_Alpha,V6_EcoBoost,2024
1FAHP3HJCSQ749821,2023-01-29,DTP,Supplier_Alpha,I4_Hybrid,2024
1FAHP3ULBNX857086,2024-03-14,OHAP,Supplier_Alpha,V6_EcoBoost,2024
1FAHP3MHRFX935186,2024-02-01,KCAP,Supplier_Alpha,I4_Hybrid,2023
1FAHP3PUHGH829456,2023-05-08,DTP,Supplier_Alpha,V8_Coyote,2025
1FAHP3GFMGC102203,2024-09-29,OHAP,Gamma_Tech,V8_Coyote,2025
1FAHP3QDXOM967899,2023-10-09,DTP,Supplier_Beta,I4_Hybrid,2024
1FAHP3ZODXJ103717,2023-11-06,KCAP,Supplier_Alpha,V6_EcoBoost,2025
1FAHP3CUETE650948,2023-08-17,DTP,Supplier_Beta,V8_Coyote,2025
1FAHP3YMMHQ381138,2024-08-02,DTP,Supplier_Alpha,V6_EcoBoost,2025
1FAHP3VGXOK392886,2023-09-21,DTP,Gamma_Tech,V8_Coyote,2024
1FAHP3JZGVQ576122,2024-08-22,DTP,Supplier_Beta,I4_Hybrid,2024
1FAHP3JUXAW289755,2024-05-22,KCAP,Supplier_Alpha,I4_Hybrid,2025
1FAHP3NYXJV659398,2024-12-06,MAP,Supplier_Beta,I4_Hybrid,2025
1FAHP3UCSMB457760,2024-08-21,DTP,Gamma_Tech,V8_Coyote,2024
1FAHP3NUBXS824043,2023-03-20,DTP,Gamma_Tech,V6_EcoBoost,2023
1FAHP3JGCDW488899,2024-01-19,OHAP,Supplier_Beta,V6_EcoBoost,2025
1FAHP3OQZTF224593,2024-05-10,DTP,Supplier_Beta,V6_EcoBoost,2023
1FAHP3YELFS969315,2024-03-23,OHAP,Supplier_Alpha,V8_Coyote,2025
1FAHP3YFXDX919409,2024-03-14,MAP,Gamma_Tech,V8_Coyote,2023
1FAHP3VPMAO556613,2023-06-02,KCAP,Supplier_Alpha,V8_Coyote,2023
1FAHP3IKJUG604805,2023-03-04,KCAP,Gamma_Tech,V8_Coyote,2023
1FAHP3KGFOB320679,2023-10-15,MAP,Supplier_Beta,V8_Coyote,2024
1FAHP3EKVDJ462251,2022-12-19,KCAP,Supplier_Beta,V6_EcoBoost,2023
1FAHP3XSIWI641686,2024-02-03,MAP,Supplier_Beta,V8_Coyote,2023
1FAHP3MJNVH783769,2024-10-04,MAP,Supplier_Alpha,V8_Coyote,2023
1FAHP3RKFHQ331465,2023-12-04,MAP,Supplier_Alpha,V6_EcoBoost,2025
1FAHP3WMPBX665535,2023-08-14,KCAP,Supplier_Alpha,V8_Coyote,2023
1FAHP3JCCOM425979,2023-04-03,OHAP,Supplier_Alpha,V6_EcoBoost,2025
1FAHP3NJSAV521103,2024-09-05,MAP,Supplier_Beta,V6_EcoBoost,2023
1FAHP3NVINN147705,2023-07-30,DTP,Supplier_Alpha,I4_Hybrid,2023
1FAHP3UJSSQ884879,2024-09-22,KCAP,Supplier_Alpha,I4_Hybrid,2024
1FAHP3KDSMY069804,2023-05-31,MAP,Gamma_Tech,I4_Hybrid,2025
1FAHP3YQRQQ940701,2024-01-04,MAP,Gamma_Tech,I4_Hybrid,2023
1FAHP3YGTGU510463,2024-05-23,DTP,Gamma_Tech,V8_Coyote,2025
1FAHP3GDJTB798123,2023-12-01,OHAP,Gamma_Tech,I4_Hybrid,2025
1FAHP3ZVKBW038457,2023-04-05,OHAP,Supplier_Alpha,V6_EcoBoost,2024
1FAHP3ZDOQY554384,2024-03-23,OHAP,Supplier_Alpha,V8_Coyote,2024
1FAHP3ZQIFU084325,2023-07-20,MAP,Supplier_Beta,I4_Hybrid,2024
1FAHP3KJBTM689363,2023-04-04,MAP,Supplier_Beta,V6_EcoBoost,2024
1FAHP3LIRZM578232,2024-07-14,MAP,Supplier_Alpha,V8_Coyote,2024
1FAHP3PKKUE248262,2024-05-11,KCAP,Gamma_Tech,V8_Coyote,2024
1FAHP3UBWUA881252,2024-10-01,DTP,Supplier_Alpha,I4_Hybrid,2024
1FAHP3GILBW647423,2024-08-25,MAP,Supplier_Alpha,V8_Coyote,2024
1FAHP3OMOOR994999,2024-09-14,DTP,Supplier_Beta,V6_EcoBoost,2023
1FAHP3METPX051728,2024-06-10,DTP,Supplier_Beta,V8_Coyote,2025
1FAHP3MOCAW267722,2023-01-07,OHAP,Supplier_Beta,V6_EcoBoost,2024
1FAHP3ELCNF046333,2024-03-21,KCAP,Supplier_Alpha,V8_Coyote,2024
1FAHP3MVYUU573660,2023-08-17,MAP,Gamma_Tech,I4_Hybrid,2025
1FAHP3PTYCH699988,2023-08-08,OHAP,Supplier_Alpha,V6_EcoBoost,2023
1FAHP3IZVCJ177038,2024-01-06,OHAP,Supplier_Alpha,V8_Coyote,2025
1FAHP3ZTXSD680347,2024-05-29,MAP,Gamma_Tech,V8_Coyote,2025
1FAHP3JDPCF264908,2023-03-17,DTP,Gamma_Tech,V8_Coyote,2024
1FAHP3ZAUCB812982,2023-07-12,OHAP,Gamma_Tech,V6_EcoBoost,2025
1FAHP3QUSPT279371,2024-09-30,DTP,Gamma_Tech,V6_EcoBoost,2025
1FAHP3FHTYU211175,2024-06-12,KCAP,Supplier_Beta,V6_EcoBoost,2024
1FAHP3CXKVK892686,2024-03-01,DTP,Supplier_Beta,I4_Hybrid,2024
1FAHP3TTUXC222206,2023-12-18,KCAP,Supplier_Alpha,I4_Hybrid,2024
1FAHP3NWQAD421230,2024-04-15,DTP,Supplier_Beta,V6_EcoBoost,2024
1FAHP3PNLQE778097,2024-09-15,OHAP,Supplier_Alpha,V8_Coyote,2025
1FAHP3APJRN767199,2023-05-28,OHAP,Supplier_Alpha,I4_Hybrid,2025
1FAHP3PWCJC830220,2023-12-31,KCAP,Supplier_Beta,V6_EcoBoost,2023
1FAHP3GALKR994510,2023-07-26,MAP,Supplier_Beta,V8_Coyote,2023
1FAHP3DVLXC499982,2024-06-10,KCAP,Supplier_Alpha,I4_Hybrid,2025
1FAHP3WBJES145561,2023-09-30,KCAP,Supplier_Alpha,V8_Coyote,2023
1FAHP3AHNSN721458,2023-01-26,DTP,Supplier_Beta,V8_Coyote,2025
1FAHP3EUSMY901981,2024-09-01,DTP,Supplier_Alpha,V8_Coyote,2023
1FAHP3KNWIN469548,2023-08-27,KCAP,Gamma_Tech,V8_Coyote,2024
1FAHP3NOTSM978772,2023-04-09,OHAP,Supplier_Beta,I4_Hybrid,2023
1FAHP3ZNAAC010713,2024-09-15,DTP,Supplier_Beta,I4_Hybrid,2024
1FAHP3SSQYE558303,2024-06-20,MAP,Supplier_Beta,I4_Hybrid,2024
1FAHP3HRVVZ448850,2023-05-24,DTP,Gamma_Tech,V6_EcoBoost,2024
1FAHP3VREEZ990235,2024-09-30,DTP,Supplier_Alpha,I4_Hybrid,2024
1FAHP3VDYAV027278,2024-07-03,MAP,Supplier_Beta,V8_Coyote,2023
1FAHP3IBNKR084958,2024-12-06,KCAP,Supplier_Beta,I4_Hybrid,2025
1FAHP3VYOIK551240,2024-09-01,MAP,Supplier_Alpha,V8_Coyote,2024
1FAHP3YWTTU996291,2023-06-04,KCAP,Gamma_Tech,V6_EcoBoost,2023
1FAHP3XCTNH046173,2024-06-08,KCAP,Supplier_Beta,V8_Coyote,2024
1FAHP3FCGBZ421503,2024-07-05,KCAP,Supplier_Beta,V8_Coyote,2023
1FAHP3UHTXU782357,2023-01-21,MAP,Gamma_Tech,V8_Coyote,2023
1FAHP3DYTHH218230,2024-11-28,KCAP,Gamma_Tech,V6_EcoBoost,2023
1FAHP3DCGHX040915,2024-10-14,OHAP,Supplier_Beta,I4_Hybrid,2025
1FAHP3MMSRI409435,2024-08-05,MAP,Gamma_Tech,I4_Hybrid,2023
1FAHP3RHANJ571422,2023-04-30,OHAP,Supplier_Beta,V6_EcoBoost,2023
1FAHP3URJTZ813858,2024-10-07,KCAP,Supplier_Beta,V8_Coyote,2025
1FAHP3NVICD493214,2023-12-25,DTP,Supplier_Beta,I4_Hybrid,2025
1FAHP3DFBZL207016,2024-06-28,KCAP,Supplier_Beta,V6_EcoBoost,2023
1FAHP3VMTWQ997954,2023-10-12,OHAP,Supplier_Alpha,I4_Hybrid,2025
1FAHP3ZSDGD817921,2023-08-01,OHAP,Gamma_Tech,V6_EcoBoost,2024
1FAHP3NQXZL477332,2024-09-05,MAP,Gamma_Tech,V8_Coyote,2024
1FAHP3EHWED557701,2024-05-07,DTP,Supplier_Alpha,I4_Hybrid,2025
1FAHP3GGZTY245992,2024-11-19,MAP,Gamma_Tech,V6_EcoBoost,2025
1FAHP3DZLAP158148,2024-10-01,OHAP,Supplier_Alpha,I4_Hybrid,2023
1FAHP3EVNSL938276,2023-04-14,KCAP,Supplier_Alpha,I4_Hybrid,2025
1FAHP3LQQEV669583,2022-12-28,DTP,Supplier_Beta,I4_Hybrid,2023
1FAHP3UJGCL971997,2024-02-10,KCAP,Supplier_Alpha,I4_Hybrid,2024
1FAHP3XYUFP461919,2023-10-12,KCAP,Gamma_Tech,V6_EcoBoost,2025
1FAHP3WJQJC013290,2023-08-31,DTP,Gamma_Tech,V8_Coyote,2023
1FAHP3MNRUT846997,2023-11-05,MAP,Supplier_Beta,V6_EcoBoost,2023
1FAHP3ANGZI946519,2024-05-21,KCAP,Supplier_Alpha,V6_EcoBoost,2024
1FAHP3TJWHS405800,2023-12-14,OHAP,Supplier_Alpha,V6_EcoBoost,2025
1FAHP3TYZYB036965,2023-09-08,KCAP,Supplier_Beta,V8_Coyote,2024
1FAHP3JYXAJ832723,2024-07-22,DTP,Gamma_Tech,I4_Hybrid,2023
1FAHP3JUFQB422010,2023-10-11,DTP,Supplier_Beta,I4_Hybrid,2023
1FAHP3BNLDG212679,2023-10-11,DTP,Supplier_Alpha,I4_Hybrid,2025
1FAHP3LBMAK687653,2023-02-05,MAP,Supplier_Beta,V8_Coyote,2023
1FAHP3KXCCK738468,2024-01-25,KCAP,Supplier_Beta,I4_Hybrid,2025
1FAHP3JUUHW751971,2024-06-28,MAP,Supplier_Beta,V8_Coyote,2024
1FAHP3FPEOV478189,2023-07-19,MAP,Supplier_Alpha,I4_Hybrid,2025
1FAHP3VIXAE189490,2023-07-19,DTP,Supplier_Beta,I4_Hybrid,2025
1FAHP3WZSSK787956,2024-06-04,DTP,Supplier_Beta,V6_EcoBoost,2023
1FAHP3OELKK094940,2024-11-27,MAP,Gamma_Tech,V8_Coyote,2023
1FAHP3FIGEY049047,2023-05-12,KCAP,Supplier_Alpha,V6_EcoBoost,2025
1FAHP3QAVHM442944,2024-06-08,OHAP,Supplier_Beta,V6_EcoBoost,2023
1FAHP3QYSPF292752,2024-10-07,MAP,Gamma_Tech,V6_EcoBoost,2023
1FAHP3MJFWA280512,2024-02-10,KCAP,Supplier_Alpha,V8_Coyote,2023
1FAHP3UWDPQ637239,2023-10-13,DTP,Gamma_Tech,V8_Coyote,2025
1FAHP3TEVWI102767,2023-02-25,DTP,Supplier_Beta,I4_Hybrid,2023
1FAHP3HBASZ366742,2023-03-23,KCAP,Supplier_Alpha,V6_EcoBoost,2025
1FAHP3IOWBN765801,2023-08-20,OHAP,Supplier_Alpha,I4_Hybrid,2023
1FAHP3PLZDX454414,2024-07-18,DTP,Supplier_Beta,V6_EcoBoost,2024
1FAHP3UJARA393852,2024-08-17,DTP,Supplier_Alpha,V8_Coyote,2023
1FAHP3RCWOU106181,2024-03-06,DTP,Supplier_Beta,V8_Coyote,2023
1FAHP3FDMQN443009,2024-10-14,KCAP,Supplier_Alpha,V8_Coyote,2025
1FAHP3YQWPK911192,2024-08-28,MAP,Supplier_Beta,V6_EcoBoost,2025
1FAHP3QEODR212447,2023-01-23,DTP,Supplier_Alpha,V8_Coyote,2023
1FAHP3XDYYV654214,2024-10-02,MAP,Gamma_Tech,V6_EcoBoost,2024
1FAHP3FMNZL044271,2024-12-06,OHAP,Gamma_Tech,I4_Hybrid,2023
1FAHP3NPGCT712863,2024-06-15,DTP,Gamma_Tech,V6_EcoBoost,2023
1FAHP3UQXCB410119,2023-08-05,DTP,Supplier_Beta,I4_Hybrid,2024
1FAHP3JSVZK720064,2023-12-02,OHAP,Supplier_Alpha,V6_EcoBoost,2025
1FAHP3UXZYE087766,2024-05-03,DTP,Supplier_Beta,I4_Hybrid,2023
1FAHP3KIWVR830671,2023-04-18,MAP,Supplier_Alpha,V8_Coyote,2025
1FAHP3VFDWX460158,2024-03-04,KCAP,Supplier_Alpha,I4_Hybrid,2025
1FAHP3QMTSY432806,2023-03-28,MAP,Supplier_Alpha,V8_Coyote,2024
1FAHP3ICMBU157173,2023-11-20,KCAP,Supplier_Beta,V8_Coyote,2024
1FAHP3PTFIZ937618,2024-06-04,KCAP,Supplier_Beta,I4_Hybrid,2025
1FAHP3YUCZH700505,2023-12-21,MAP,Supplier_Beta,V6_EcoBoost,2023
1FAHP3OECVJ387829,2023-07-26,MAP,Supplier_Beta,V6_EcoBoost,2025
1FAHP3SPIAL707903,2024-11-07,MAP,Supplier_Alpha,V6_EcoBoost,2023
1FAHP3LEGHF041792,2023-04-03,MAP,Gamma_Tech,V6_EcoBoost,2023
1FAHP3VZVRZ993136,2023-05-23,OHAP,Supplier_Beta,V6_EcoBoost,2024
1FAHP3YNWCL519825,2023-05-30,DTP,Supplier_Beta,V8_Coyote,2023
1FAHP3WAKSX251142,2024-08-27,KCAP,Supplier_Alpha,V6_EcoBoost,2023
1FAHP3IGYON827390,2024-07-15,MAP,Supplier_Beta,V8_Coyote,2025
1FAHP3ALFTP620710,2023-05-12,MAP,Supplier_Beta,V8_Coyote,2024
1FAHP3JORHC946723,2024-07-05,MAP,Supplier_Alpha,V8_Coyote,2023
1FAHP3LTFNF632909,2024-04-30,OHAP,Supplier_Alpha,I4_Hybrid,2023
1FAHP3MHHGN456083,2022-12-19,MAP,Supplier_Beta,I4_Hybrid,2024
1FAHP3RDMHY588373,2023-09-19,MAP,Supplier_Beta,V8_Coyote,2025
1FAHP3DPXSN277220,2024-06-27,MAP,Supplier_Alpha,I4_Hybrid,2024
1FAHP3GVDIL645970,2024-10-06,DTP,Gamma_Tech,V6_EcoBoost,2024
1FAHP3PUCLL207811,2024-03-03,OHAP,Supplier_Alpha,V6_EcoBoost,2023
1FAHP3UOGPV563531,2023-03-01,MAP,Supplier_Beta,V8_Coyote,2023
1FAHP3LFDBJ636317,2024-05-21,KCAP,Gamma_Tech,V6_EcoBoost,2025
1FAHP3IDUMO397265,2024-08-13,KCAP,Supplier_Beta,V8_Coyote,2023
1FAHP3SKDRI543520,2024-10-08,KCAP,Supplier_Beta,V8_Coyote,2023
1FAHP3OSMKY177625,2023-04-05,OHAP,Supplier_Alpha,V6_EcoBoost,2024
1FAHP3AHFNL929831,2023-09-30,OHAP,Supplier_Alpha,I4_Hybrid,2023
1FAHP3PUBLO774063,2023-11-08,KCAP,Gamma_Tech,V6_EcoBoost,2025
1FAHP3CEUXG929060,2024-05-22,MAP,Supplier_Beta,V6_EcoBoost,2024
1FAHP3CFPFJ068671,2024-09-25,OHAP,Gamma_Tech,V8_Coyote,2025
1FAHP3PPFBE063254,2023-04-21,KCAP,Supplier_Alpha,V8_Coyote,2024
1FAHP3DDXIT427990,2024-11-30,KCAP,Supplier_Alpha,V8_Coyote,2023
1FAHP3YSVHC625701,2023-01-24,MAP,Supplier_Alpha,V8_Coyote,2024
1FAHP3YNYRF464989,2023-02-24,DTP,Supplier_Beta,I4_Hybrid,2024
1FAHP3HYXDN950850,2023-09-14,OHAP,Supplier_Alpha,I4_Hybrid,2023
1FAHP3JTXNI055281,2023-12-15,MAP,Gamma_Tech,I4_Hybrid,2023
1FAHP3SNWVW538179,2023-04-30,KCAP,Supplier_Beta,V8_Coyote,2025
1FAHP3RDEXW355486,2023-01-21,KCAP,Gamma_Tech,V8_Coyote,2025
1FAHP3TIRIS778817,2023-03-13,MAP,Supplier_Alpha,V8_Coyote,2023
1FAHP3FFZLS795137,2024-01-16,OHAP,Gamma_Tech,I4_Hybrid,2023
1FAHP3FJNHO112412,2024-04-29,DTP,Supplier_Beta,V8_Coyote,2023
1FAHP3WACVP046827,2023-08-31,DTP,Supplier_Beta,V6_EcoBoost,2024
1FAHP3HPVAL043103,2024-03-16,KCAP,Gamma_Tech,V6_EcoBoost,2024
1FAHP3CDTKI557988,2023-11-13,OHAP,Supplier_Beta,V8_Coyote,2024
1FAHP3SXDJW424375,2023-04-06,DTP,Supplier_Beta,V6_EcoBoost,2023
1FAHP3SLLTS472928,2024-04-11,OHAP,Supplier_Alpha,V6_EcoBoost,2025
1FAHP3KICQX223105,2024-06-25,OHAP,Supplier_Alpha,I4_Hybrid,2023
1FAHP3JXCIK238055,2023-10-21,KCAP,Gamma_Tech,V8_Coyote,2024
1FAHP3XJDUJ841067,2023-06-20,DTP,Supplier_Beta,V8_Coyote,2024
1FAHP3SWKQJ088547,2023-01-07,MAP,Supplier_Beta,I4_Hybrid,2023
1FAHP3IRJHT975170,2023-03-14,KCAP,Supplier_Beta,V6_EcoBoost,2023
1FAHP3FUDMP069375,2023-06-17,DTP,Supplier_Alpha,V6_EcoBoost,2024
1FAHP3BFICR398343,2023-10-16,DTP,Supplier_Alpha,V8_Coyote,2024
1FAHP3MMGDQ186375,2023-12-26,DTP,Supplier_Beta,V6_EcoBoost,2024
1FAHP3XASWW562656,2023-08-04,DTP,Supplier_Beta,I4_Hybrid,2023
1FAHP3VAZCS478137,2024-05-29,DTP,Supplier_Alpha,I4_Hybrid,2024
1FAHP3FJNTE266299,2024-03-19,OHAP,Supplier_Beta,V8_Coyote,2024
1FAHP3AAORA851961,2023-04-24,KCAP,Supplier_Alpha,I4_Hybrid,2025
1FAHP3LYSJF287923,2024-05-02,OHAP,Supplier_Beta,I4_Hybrid,2023
1FAHP3VDOBY049478,2024-07-12,MAP,Supplier_Alpha,V8_Coyote,2025
1FAHP3PQSAL024471,2023-09-29,DTP,Supplier_Beta,I4_Hybrid,2025
1FAHP3EMVXL730147,2024-08-05,KCAP,Supplier_Alpha,I4_Hybrid,2024
1FAHP3XGUKB796471,2024-06-01,DTP,Supplier_Beta,I4_Hybrid,2023
1FAHP3DSIWK429025,2024-08-20,KCAP,Supplier_Alpha,V6_EcoBoost,2024
1FAHP3SSHOE045650,2024-05-15,OHAP,Supplier_Alpha,V8_Coyote,2023
1FAHP3IUURZ832192,2024-05-06,KCAP,Supplier_Alpha,V8_Coyote,2025
1FAHP3WJAIH445189,2023-02-19,MAP,Supplier_Beta,V8_Coyote,2023
1FAHP3GNJGO457652,2024-08-07,MAP,Supplier_Beta,V6_EcoBoost,2024
1FAHP3SWZHA389888,2023-12-07,KCAP,Supplier_Alpha,V6_EcoBoost,2024
1FAHP3WTSXI711207,2024-10-13,KCAP,Supplier_Beta,V8_Coyote,2024
1FAHP3BVHOI798524,2024-09-07,KCAP,Gamma_Tech,V6_EcoBoost,2023
1FAHP3FBSWY234232,2024-04-30,KCAP,Supplier_Beta,V8_Coyote,2025
1FAHP3MGCYQ110760,2023-10-04,MAP,Supplier_Alpha,V6_EcoBoost,2025
1FAHP3CETQA890714,2023-07-13,DTP,Supplier_Beta,I4_Hybrid,2023
1FAHP3LQWBF119393,2024-04-16,KCAP,Supplier_Alpha,I4_Hybrid,2024
1FAHP3GXUNP249552,2024-05-02,KCAP,Supplier_Alpha,V8_Coyote,2025
1FAHP3HNTMS891190,2023-11-22,MAP,Gamma_Tech,V6_EcoBoost,2024
1FAHP3TEXSL280138,2023-09-23,MAP,Supplier_Alpha,V6_EcoBoost,2023
1FAHP3BNGOA271256,2022-12-21,OHAP,Supplier_Beta,I4_Hybrid,2024
1FAHP3IFWXT151718,2023-03-15,KCAP,Supplier_Beta,I4_Hybrid,2025
1FAHP3HYSDM480157,2023-03-12,OHAP,Supplier_Beta,V6_EcoBoost,2025
1FAHP3BMEZE473864,2023-02-14,MAP,Supplier_Beta,V6_EcoBoost,2024
1FAHP3CHQRF520716,2023-03-16,MAP,Supplier_Alpha,V6_EcoBoost,2023
1FAHP3VKEXM126691,2023-12-26,DTP,Supplier_Alpha,V6_EcoBoost,2024
1FAHP3BUFRW539613,2024-04-23,KCAP,Supplier_Beta,V6_EcoBoost,2023
1FAHP3QMZFG994657,2024-05-14,OHAP,Supplier_Alpha,V6_EcoBoost,2024
1FAHP3FFOOI427114,2024-11-16,MAP,Supplier_Alpha,V8_Coyote,2025
1FAHP3LYMRU010170,2024-01-11,MAP,Supplier_Alpha,V6_EcoBoost,2023
1FAHP3QWHXF249911,2023-06-04,OHAP,Supplier_Alpha,I4_Hybrid,2023
1FAHP3QIVZI734778,2022-12-29,DTP,Supplier_Alpha,V8_Coyote,2023
1FAHP3CUYCD800616,2024-03-11,MAP,Supplier_Alpha,V6_EcoBoost,2025
1FAHP3FBITT002842,2024-03-01,KCAP,Supplier_Beta,I4_Hybrid,2024
1FAHP3RIKEE671978,2024-02-29,MAP,Supplier_Beta,V8_Coyote,2025
1FAHP3FLYNR828064,2023-12-19,KCAP,Gamma_Tech,I4_Hybrid,2023
1FAHP3CIXWZ545009,2023-07-12,OHAP,Supplier_Alpha,V6_EcoBoost,2024
1FAHP3WWAWD905616,2024-06-02,KCAP,Supplier_Alpha,V6_EcoBoost,2025
1FAHP3SETHV333491,2024-07-12,OHAP,Supplier_Alpha,V6_EcoBoost,2023
1FAHP3QBKGA208507,2023-02-23,KCAP,Supplier_Beta,V6_EcoBoost,2023
1FAHP3YKYUK407905,2024-08-19,OHAP,Supplier_Beta,V8_Coyote,2025
1FAHP3GZWQV171357,2024-03-16,KCAP,Supplier_Alpha,V8_Coyote,2025
1FAHP3FOYEI294563,2023-05-01,DTP,Gamma_Tech,I4_Hybrid,2025
1FAHP3ZZONV344049,2023-10-06,KCAP,Supplier_Alpha,V6_EcoBoost,2023
1FAHP3EKZHE191954,2023-12-23,KCAP,Supplier_Beta,I4_Hybrid,2025
1FAHP3ZTBQI635148,2024-04-25,DTP,Supplier_Beta,V8_Coyote,2023
1FAHP3GDQWJ536649,2024-06-09,MAP,Gamma_Tech,V6_EcoBoost,2025
1FAHP3NQVDR208297,2023-11-13,MAP,Supplier_Beta,V6_EcoBoost,2023
1FAHP3MXDJP896908,2023-07-31,KCAP,Gamma_Tech,V8_Coyote,2023
1FAHP3ONARS246651,2024-02-28,DTP,Supplier_Alpha,V8_Coyote,2024
1FAHP3HJMBP249363,2023-03-19,KCAP,Gamma_Tech,V8_Coyote,2025
1FAHP3PCMKR477866,2023-02-27,OHAP,Supplier_Alpha,V8_Coyote,2025
1FAHP3PCUFY204482,2023-08-21,OHAP,Gamma_Tech,V8_Coyote,2023
1FAHP3EAXQQ001594,2023-01-30,KCAP,Supplier_Beta,V6_EcoBoost,2023
1FAHP3VGHHQ162319,2024-06-18,MAP,Gamma_Tech,V8_Coyote,2023
1FAHP3MHXZU984713,2024-11-16,MAP,Supplier_Beta,V6_EcoBoost,2024
1FAHP3JGLNR596363,2024-10-11,KCAP,Supplier_Beta,V6_EcoBoost,2024
1FAHP3IXSHU764907,2024-08-20,KCAP,Supplier_Beta,V8_Coyote,2023
1FAHP3XETXT867342,2024-02-02,OHAP,Supplier_Beta,V8_Coyote,2025
1FAHP3JYTOS090034,2023-05-04,MAP,Supplier_Alpha,V6_EcoBoost,2025
1FAHP3AZQTF518376,2023-10-22,KCAP,Supplier_Alpha,V8_Coyote,2024
1FAHP3ZXPAY343275,2024-09-03,OHAP,Supplier_Alpha,V8_Coyote,2024
1FAHP3VTBGK041776,2024-06-08,MAP,Supplier_Alpha,V8_Coyote,2023
1FAHP3UJVUD481569,2022-12-27,DTP,Gamma_Tech,I4_Hybrid,2025
1FAHP3ZMOTU002720,2023-10-13,OHAP,Supplier_Alpha,V6_EcoBoost,2023
1FAHP3TXPWI911238,2024-02-16,MAP,Gamma_Tech,I4_Hybrid,2024
1FAHP3QLRLU965772,2024-09-06,MAP,Supplier_Alpha,V8_Coyote,2025
1FAHP3ZYKOB431652,2024-02-01,OHAP,Supplier_Alpha,I4_Hybrid,2025
1FAHP3MQSKD089317,2024-08-11,DTP,Supplier_Beta,V8_Coyote,2024
1FAHP3FXKKH696942,2024-09-02,OHAP,Supplier_Beta,I4_Hybrid,2023
1FAHP3OTNMY086771,2024-01-27,MAP,Supplier_Beta,V8_Coyote,2023
1FAHP3NMNSU447626,2023-12-26,KCAP,Supplier_Beta,I4_Hybrid,2025
1FAHP3SQPNC362620,2023-01-30,KCAP,Supplier_Beta,I4_Hybrid,2024
1FAHP3EIUSZ359710,2024-01-19,OHAP,Supplier_Alpha,I4_Hybrid,2025
1FAHP3GJDDV366941,2024-09-22,MAP,Gamma_Tech,V6_EcoBoost,2024
1FAHP3AQGNY375990,2024-03-10,KCAP,Gamma_Tech,I4_Hybrid,2023
1FAHP3LLQKG465280,2024-02-03,MAP,Supplier_Beta,V6_EcoBoost,2024
1FAHP3THBJQ757215,2024-06-18,OHAP,Supplier_Alpha,V8_Coyote,2023
1FAHP3VXBSQ150274,2024-09-08,KCAP,Supplier_Beta,I4_Hybrid,2024
1FAHP3UVFWJ948562,2024-08-16,MAP,Supplier_Alpha,V8_Coyote,2025
1FAHP3OLCEQ870320,2024-05-01,KCAP,Supplier_Alpha,V8_Coyote,2023
1FAHP3CWTJF276170,2023-03-18,OHAP,Supplier_Alpha,I4_Hybrid,2025
1FAHP3FNSLK771215,2024-07-19,MAP,Supplier_Beta,V6_EcoBoost,2025
1FAHP3AHXKL849939,2024-07-18,KCAP,Gamma_Tech,I4_Hybrid,2023
1FAHP3BSRRH613715,2023-05-22,OHAP,Supplier_Beta,V8_Coyote,2023
1FAHP3BFDTQ659152,2024-05-06,KCAP,Supplier_Beta,V8_Coyote,2025
1FAHP3CPNCU774905,2024-11-08,KCAP,Supplier_Beta,I4_Hybrid,2025
1FAHP3ZDVEJ923045,2023-03-13,DTP,Supplier_Alpha,V6_EcoBoost,2025
1FAHP3PXZFB961642,2023-05-01,DTP,Supplier_Alpha,V6_EcoBoost,2025
1FAHP3HTFZB326642,2024-10-11,OHAP,Gamma_Tech,V8_Coyote,2023
1FAHP3GMFCY492515,2024-03-21,DTP,Supplier_Alpha,V8_Coyote,2023
1FAHP3WBZXN749961,2024-06-03,OHAP,Gamma_Tech,V6_EcoBoost,2025
1FAHP3VDROP266108,2023-04-30,DTP,Supplier_Beta,I4_Hybrid,2024
1FAHP3DBFZE278814,2022-12-16,KCAP,Supplier_Beta,V8_Coyote,2024
1FAHP3BSKDJ422438,2024-02-15,OHAP,Supplier_Beta,V6_EcoBoost,2023
1FAHP3AGDQU108186,2023-11-24,OHAP,Supplier_Beta,V8_Coyote,2025
1FAHP3XGBHV945491,2024-08-24,KCAP,Gamma_Tech,I4_Hybrid,2025
1FAHP3ATTUL722601,2023-08-13,OHAP,Gamma_Tech,V6_EcoBoost,2023
1FAHP3NLFVM779452,2023-03-17,OHAP,Supplier_Beta,V8_Coyote,2024
1FAHP3ZHAKP416800,2023-01-11,DTP,Supplier_Alpha,I4_Hybrid,2024
1FAHP3NNXSR776974,2023-03-22,OHAP,Supplier_Beta,V8_Coyote,2024
1FAHP3MHBSM641220,2024-03-02,MAP,Gamma_Tech,I4_Hybrid,2023
1FAHP3OYIMF037236,2023-05-21,KCAP,Supplier_Alpha,I4_Hybrid,2024
1FAHP3HKJVS472760,2024-05-01,DTP,Supplier_Beta,V6_EcoBoost,2023
1FAHP3PMSKZ777079,2023-04-16,DTP,Supplier_Beta,I4_Hybrid,2023
1FAHP3FVLMU050166,2023-02-18,MAP,Supplier_Beta,V8_Coyote,2025
1FAHP3GLUNR840767,2024-02-21,KCAP,Supplier_Alpha,I4_Hybrid,2024
1FAHP3KUJER730806,2023-06-29,KCAP,Supplier_Beta,I4_Hybrid,2023
1FAHP3CSBBK671795,2024-10-03,DTP,Gamma_Tech,V6_EcoBoost,2024
1FAHP3GOLRV437573,2024-07-18,OHAP,Supplier_Alpha,I4_Hybrid,2024
1FAHP3RPVXY972466,2023-01-08,DTP,Supplier_Alpha,I4_Hybrid,2025
1FAHP3QEILM729341,2023-02-15,KCAP,Gamma_Tech,V8_Coyote,2024
1FAHP3TPNJD297167,2023-03-18,MAP,Supplier_Alpha,V6_EcoBoost,2025
1FAHP3GCZEV054522,2024-01-09,DTP,Gamma_Tech,V6_EcoBoost,2023
1FAHP3OFQVY619318,2023-07-31,KCAP,Supplier_Beta,V6_EcoBoost,2024
1FAHP3MQGTD508428,2023-09-20,DTP,Supplier_Alpha,I4_Hybrid,2023
1FAHP3YGJCG771199,2024-02-07,OHAP,Gamma_Tech,V6_EcoBoost,2024
1FAHP3USTCW121352,2023-04-24,DTP,Supplier_Beta,I4_Hybrid,2023
1FAHP3IHMCA871255,2023-11-05,DTP,Supplier_Beta,I4_Hybrid,2024
1FAHP3KFRXT037548,2024-05-06,KCAP,Supplier_Alpha,V8_Coyote,2024
1FAHP3YOIZB653286,2022-12-12,KCAP,Supplier_Beta,V8_Coyote,2024
1FAHP3CJXAT667850,2023-06-22,KCAP,Supplier_Alpha,V8_Coyote,2024
1FAHP3XKBDZ811556,2023-08-02,DTP,Supplier_Alpha,V8_Coyote,2024
1FAHP3AZRSJ029084,2023-01-16,OHAP,Gamma_Tech,V8_Coyote,2024
1FAHP3NJSZC455048,2024-01-19,MAP,Supplier_Alpha,I4_Hybrid,2024
1FAHP3ZYPZX389975,2024-11-13,MAP,Supplier_Beta,I4_Hybrid,2024
1FAHP3YUUVI341085,2024-08-11,KCAP,Supplier_Alpha,V6_EcoBoost,2024
1FAHP3JTHVW884318,2023-07-27,KCAP,Supplier_Beta,I4_Hybrid,2023
1FAHP3PXTUB200894,2024-05-06,DTP,Supplier_Alpha,I4_Hybrid,2025
1FAHP3WHDWP810548,2024-01-30,MAP,Gamma_Tech,V8_Coyote,2024
1FAHP3VPZVL174907,2023-11-22,KCAP,Supplier_Beta,I4_Hybrid,2025
1FAHP3SQYTK989354,2023-03-30,OHAP,Supplier_Alpha,V8_Coyote,2024
1FAHP3HLMXX268315,2024-03-04,OHAP,Supplier_Alpha,V6_EcoBoost,2024
1FAHP3FDBIE712661,2023-12-27,KCAP,Supplier_Alpha,V6_EcoBoost,2023
1FAHP3LJHXZ371586,2024-06-03,KCAP,Supplier_Beta,I4_Hybrid,2023
1FAHP3UAKJG497677,2023-08-12,MAP,Supplier_Alpha,V6_EcoBoost,2025
1FAHP3HSNDE277288,2024-01-21,MAP,Gamma_Tech,I4_Hybrid,2023
1FAHP3AHHXK028519,2024-11-18,DTP,Supplier_Beta,V6_EcoBoost,2023
1FAHP3TXTSF408215,2023-09-11,MAP,Supplier_Alpha,V8_Coyote,2025
1FAHP3TSNLV022960,2024-03-26,OHAP,Supplier_Beta,V8_Coyote,2023
1FAHP3CAEKT701851,2024-02-03,OHAP,Supplier_Beta,V8_Coyote,2024
1FAHP3IWIGO975679,2024-01-12,KCAP,Supplier_Alpha,V8_Coyote,2025
1FAHP3ZNQNA777251,2023-05-23,MAP,Supplier_Alpha,I4_Hybrid,2025
1FAHP3QCVRP636580,2024-05-29,DTP,Supplier_Alpha,V6_EcoBoost,2024
1FAHP3PHPJF120948,2023-02-26,OHAP,Supplier_Beta,I4_Hybrid,2023
1FAHP3HMWEG398909,2024-05-09,OHAP,Supplier_Beta,V8_Coyote,2025
1FAHP3YNPTL018204,2024-09-08,DTP,Supplier_Beta,I4_Hybrid,2025
1FAHP3LCFBV718956,2023-01-15,DTP,Gamma_Tech,V6_EcoBoost,2024
1FAHP3YQFHG626085,2023-06-14,OHAP,Gamma_Tech,I4_Hybrid,2024
1FAHP3XFJTA824224,2023-01-09,OHAP,Supplier_Beta,V6_EcoBoost,2023
1FAHP3TDTYG209520,2023-05-07,DTP,Gamma_Tech,I4_Hybrid,2025
1FAHP3HDMPW526546,2023-04-01,OHAP,Supplier_Alpha,V6_EcoBoost,2023
1FAHP3YHRDU993788,2023-08-01,KCAP,Supplier_Alpha,V6_EcoBoost,2023
1FAHP3AOOBR786170,2024-10-06,KCAP,Supplier_Alpha,V8_Coyote,2024
1FAHP3TKACF891382,2024-09-18,DTP,Supplier_Alpha,V6_EcoBoost,2025
1FAHP3YPIBJ832582,2023-05-28,MAP,Supplier_Beta,V8_Coyote,2025
1FAHP3PKADE700794,2023-03-26,DTP,Gamma_Tech,V8_Coyote,2025
1FAHP3LGSCK494653,2024-03-23,DTP,Supplier_Alpha,V8_Coyote,2024
1FAHP3SHIUJ891416,2024-02-13,MAP,Supplier_Alpha,I4_Hybrid,2024
1FAHP3RVOQW463985,2023-05-28,MAP,Supplier_Beta,I4_Hybrid,2024
1FAHP3DMVBS743553,2024-03-15,MAP,Gamma_Tech,I4_Hybrid,2024
1FAHP3RLAJS209700,2023-09-16,KCAP,Supplier_Alpha,I4_Hybrid,2024
1FAHP3BQCRH768118,2023-07-15,OHAP,Supplier_Beta,V6_EcoBoost,2025
1FAHP3XZSAH569562,2023-03-21,KCAP,Supplier_Alpha,V6_EcoBoost,2023
1FAHP3VBWRR753703,2024-06-30,OHAP,Supplier_Alpha,I4_Hybrid,2025
1FAHP3OFXCR531943,2024-04-08,KCAP,Gamma_Tech,V6_EcoBoost,2023
1FAHP3HRKGF793036,2023-11-04,OHAP,Gamma_Tech,V6_EcoBoost,2024
1FAHP3LELIV283999,2023-02-07,KCAP,Supplier_Alpha,V8_Coyote,2023
1FAHP3UYRMR124938,2024-02-12,MAP,Gamma_Tech,V8_Coyote,2025
1FAHP3ABPRP089487,2023-06-28,DTP,Supplier_Beta,V8_Coyote,2025
1FAHP3RHDFX056641,2023-07-02,KCAP,Gamma_Tech,V8_Coyote,2023
1FAHP3ICUAZ803046,2023-10-04,OHAP,Supplier_Beta,V6_EcoBoost,2024
1FAHP3SBEPM351903,2024-04-29,MAP,Supplier_Beta,I4_Hybrid,2024
1FAHP3EBZBL254110,2024-11-12,KCAP,Supplier_Beta,V6_EcoBoost,2025
1FAHP3VDVHY543173,2023-04-17,KCAP,Supplier_Beta,V6_EcoBoost,2023
1FAHP3OCLHF319971,2023-10-18,MAP,Supplier_Alpha,V6_EcoBoost,2024
1FAHP3DZCDT006512,2023-12-01,KCAP,Supplier_Alpha,V8_Coyote,2024
1FAHP3DSYZG961108,2023-02-14,DTP,Supplier_Alpha,V8_Coyote,2025
1FAHP3DYDYB963990,2023-06-27,KCAP,Supplier_Beta,V8_Coyote,2024
1FAHP3HVLMG991507,2024-05-20,DTP,Supplier_Alpha,I4_Hybrid,2023
1FAHP3KIOGQ109193,2023-11-07,DTP,Supplier_Beta,V6_EcoBoost,2025
1FAHP3PIZCD567972,2024-06-03,MAP,Gamma_Tech,I4_Hybrid,2025
1FAHP3TLIXJ249685,2023-04-02,KCAP,Supplier_Alpha,V8_Coyote,2023
1FAHP3XAHLQ274954,2024-02-01,MAP,Supplier_Beta,I4_Hybrid,2025
1FAHP3BWMMO203880,2023-05-19,KCAP,Supplier_Beta,V6_EcoBoost,2024
1FAHP3MSVLK315377,2023-02-04,KCAP,Gamma_Tech,V6_EcoBoost,2024
1FAHP3GDYCF594652,2024-04-14,OHAP,Supplier_Alpha,V8_Coyote,2023
1FAHP3NPEVX303379,2024-07-03,KCAP,Supplier_Beta,V8_Coyote,2024
1FAHP3XAEWB563620,2023-07-09,MAP,Gamma_Tech,I4_Hybrid,2023
1FAHP3OLWXC812473,2024-04-16,DTP,Gamma_Tech,V8_Coyote,2023
1FAHP3QULVJ033423,2024-06-05,KCAP,Supplier_Beta,V8_Coyote,2024
1FAHP3GBRIY323024,2024-04-26,OHAP,Supplier_Beta,V6_EcoBoost,2023
1FAHP3XZXQK153473,2023-05-10,MAP,Supplier_Beta,V8_Coyote,2024
1FAHP3IYMMI896112,2024-06-18,KCAP,Gamma_Tech,V8_Coyote,2025
1FAHP3CWNLM655963,2023-09-27,MAP,Supplier_Beta,V6_EcoBoost,2025
1FAHP3OYRIG842530,2024-02-22,OHAP,Supplier_Alpha,V6_EcoBoost,2023
1FAHP3EKGYW973179,2024-05-05,OHAP,Gamma_Tech,I4_Hybrid,2024
1FAHP3UTXHS857872,2024-04-28,MAP,Supplier_Beta,V8_Coyote,2024
1FAHP3OYLPC777496,2024-09-09,KCAP,Supplier_Beta,V6_EcoBoost,2025
1FAHP3NTBYK333736,2024-01-13,DTP,Supplier_Alpha,I4_Hybrid,2025
1FAHP3WFSCH254812,2024-03-25,OHAP,Supplier_Beta,I4_Hybrid,2024
1FAHP3NVBCD539078,2023-04-18,KCAP,Supplier_Alpha,V8_Coyote,2023
1FAHP3YBLCO665754,2023-11-02,KCAP,Supplier_Beta,V8_Coyote,2025
1FAHP3GIPFY415148,2024-09-10,DTP,Supplier_Alpha,I4_Hybrid,2023
1FAHP3CIMVM431115,2023-04-10,OHAP,Supplier_Beta,V6_EcoBoost,2023
1FAHP3IWTVI544439,2023-08-14,OHAP,Gamma_Tech,I4_Hybrid,2025
1FAHP3ZLWPA404456,2024-08-14,KCAP,Supplier_Alpha,V8_Coyote,2023
1FAHP3UVNEO782633,2023-11-13,KCAP,Gamma_Tech,V6_EcoBoost,2023
1FAHP3YFUMB898775,2023-10-02,DTP,Supplier_Beta,V6_EcoBoost,2024
1FAHP3XIKIT637780,2023-01-01,DTP,Gamma_Tech,I4_Hybrid,2023
1FAHP3BRWZW075536,2024-03-24,OHAP,Supplier_Beta,V8_Coyote,2024
1FAHP3YCIJV845909,2023-06-22,MAP,Supplier_Beta,I4_Hybrid,2025
1FAHP3NZEIY999966,2023-02-10,OHAP,Supplier_Beta,I4_Hybrid,2025
1FAHP3OTFKG371597,2023-07-09,KCAP,Gamma_Tech,I4_Hybrid,2024
1FAHP3LMEYS820970,2023-03-18,OHAP,Supplier_Beta,V6_EcoBoost,2025
1FAHP3DXHAK334817,2024-01-28,MAP,Supplier_Alpha,V6_EcoBoost,2023
1FAHP3IAEVE566212,2023-03-07,DTP,Supplier_Beta,V8_Coyote,2023
1FAHP3TQEKM632346,2024-05-26,MAP,Gamma_Tech,V8_Coyote,2023
1FAHP3RMAJC949387,2024-02-10,MAP,Supplier_Beta,I4_Hybrid,2025
1FAHP3KFDDK169385,2023-10-23,MAP,Supplier_Beta,I4_Hybrid,2023
1FAHP3ZNZLA014754,2023-02-01,DTP,Supplier_Beta,I4_Hybrid,2025
1FAHP3QLSKG329676,2023-08-24,MAP,Gamma_Tech,V8_Coyote,2023
1FAHP3SQESU603248,2024-04-22,MAP,Supplier_Alpha,V6_EcoBoost,2024
1FAHP3EWGGX376815,2023-02-19,MAP,Supplier_Beta,V6_EcoBoost,2025
1FAHP3GCDBE567243,2023-09-19,KCAP,Supplier_Alpha,I4_Hybrid,2025
1FAHP3CAQHT765636,2024-11-17,MAP,Supplier_Alpha,I4_Hybrid,2023
1FAHP3FJQPT257771,2023-08-28,DTP,Supplier_Alpha,I4_Hybrid,2025
1FAHP3BMGLS727422,2024-08-07,MAP,Supplier_Alpha,I4_Hybrid,2025
1FAHP3RRJCW186210,2023-07-12,MAP,Supplier_Beta,V8_Coyote,2024
1FAHP3SDOZH230837,2023-04-04,DTP,Supplier_Alpha,V6_EcoBoost,2024
1FAHP3ADXYX164709,2024-10-16,MAP,Supplier_Beta,I4_Hybrid,2023
1FAHP3BABAV335331,2024-08-22,DTP,Supplier_Alpha,V8_Coyote,2024
1FAHP3CAGGU313122,2023-06-05,MAP,Supplier_Alpha,I4_Hybrid,2023
1FAHP3ZBHON583938,2023-07-12,DTP,Supplier_Alpha,I4_Hybrid,2023
1FAHP3PUAYN155206,2022-12-19,MAP,Supplier_Alpha,V6_EcoBoost,2023
1FAHP3CENAT731495,2023-02-26,MAP,Supplier_Beta,I4_Hybrid,2025
1FAHP3QGMUO971892,2023-09-30,KCAP,Supplier_Beta,V6_EcoBoost,2024
1FAHP3EVBML625257,2023-06-02,KCAP,Supplier_Beta,V6_EcoBoost,2023
1FAHP3TAOBN768389,2023-10-02,MAP,Supplier_Beta,V6_EcoBoost,2024
1FAHP3FDIXF143639,2023-03-03,MAP,Supplier_Alpha,V8_Coyote,2023
1FAHP3PUMCV432630,2024-08-10,OHAP,Gamma_Tech,V8_Coyote,2024
